{
  "format_version": "1.10.0",
  "minecraft:client_entity": {
    "description": {
      "identifier": "pa:ankylo",
      "textures": {
        "default": "textures/entity/ocean/ankylo"
      },
      "materials": {
        "default": "skeleton"
      },
      "geometry": {
        "default": "geometry.ankylo"
      },
      "render_controllers": [
        "controller.render.translucence"
      ],
      "spawn_egg": {
        "base_color": "#73824b",
        "overlay_color": "#9f9b66"
      },
      "animations": {
        "walk": "animation.ankylo.walk",
        "stand": "animation.ankylo.stand",
        "run": "animation.ankylo.run"
      },
      "scripts": {
        "animate": [
          "root",
          {
            "walk": "query.is_moving && query.modified_move_speed < 0.3"
          },
          {
            "run": "query.modified_move_speed > 0.3"
          },
          {
            "stand": "!query.is_moving"
          }
        ]
      }
    }
  }
}