{
  "format_version" : "1.10.0",
  "minecraft:client_entity": {
    "description": {
      "identifier": "minecraft:boat",
      "textures": {
        "default": "textures/entity/boat/boat_acacia",
        "acacia": "textures/entity/boat/boat_acacia",
        "birch": "textures/entity/boat/boat_birch",
        "darkoak": "textures/entity/boat/boat_darkoak",
        "jungle": "textures/entity/boat/boat_jungle",
        "oak": "textures/entity/boat/boat_oak",
        "spruce": "textures/entity/boat/boat_spruce"
      },
      "geometry": {
        "default": "geometry.boat"
      }
    }
  }
}