{
  "format_version": "1.8.0",
  "minecraft:client_entity": {
    "description": {
      "identifier": "pa:fishleon",
      "materials": {
        "default": "fish"
      },
      "textures": {
        "default": "textures/entity/ocean/fishleon"
      },
      "geometry": {
        "default": "geometry.fishleon"
      },
      "spawn_egg": {
        "base_color": "# ffff0000 ",
        "overlay_color": "# ffffffff "
      },
      "render_controllers": [ "controller.render.fish" ],

      "enable_attachables": true
    }
  }
}
