{
  "format_version": "1.8.0",
  "minecraft:client_entity": {
    "description": {
      "identifier": "pa:hammerhead_shark",
      "materials": {
        "default": "fish"
      },
      "textures": {
        "default": "textures/entity/ocean/hammerhead_shark"
      },
      "geometry": {
        "default": "geometry.hammerheadshark"
      },
      "spawn_egg": {
        "base_color": "# ff004547 ",
        "overlay_color": "# ffffffff "
      },
      "render_controllers": [ "controller.render.fish" ],

      "enable_attachables": true
    }
  }
}
