{
  "format_version" : "1.10.0",
  "minecraft:client_entity": {
    "description": {
      "identifier": "minecraft:iron_golem",
      "materials": { "default": "iron_golem" },
      "textures": {
        "default": "textures/entity/iron_golem"
      },
      "geometry": {
        "default": "geometry.irongolem"
      },
      "spawn_egg": {
        "overlay_color": "#a4a4a4",
        "base_color": "#E1F0FE"
      },
      "animations" : {
        "walk_to_target" : "animation.iron_golem.walk_to_target",
        "attack" : "animation.iron_golem.attack",
        "flower" : "animation.iron_golem.flower",
        "look_at_target" : "animation.common.look_at_target",
        "move_to_target" : "animation.iron_golem.move_to_target",
        "move" : "animation.iron_golem.move",
        "move_controller" : "controller.animation.iron_golem.move",
        "arm_controller" : "controller.animation.iron_golem.arm_movement",
        "walk" : "animation.iron_golem.walk"
      },
      "scripts" : {
        "animate" : [
          "look_at_target",
          "move_controller",
          "arm_controller"
        ],
        "pre_animation" : [
          "variable.modified_tcos0 = Math.clamp(((Math.cos(query.modified_distance_moved * 13.5) * Math.min(query.modified_move_speed, 0.6) \/ variable.gliding_speed_value) * 25.0), -12.5, 12.5);"
        ]
      },
      "render_controllers": [ "controller.render.iron_golem" ]
    }
  }
}