{
  "minecraft:client_entity" : {
    "description" : {
      "render_controllers" : [
        "controller.render.magma_cube"
      ],
      "materials" : {
        "default" : "magma_cube"
      },
      "geometry" : {
        "default" : "geometry.lavaslime"
      },
      "animations" : {
        "move" : "animation.magma_cube.move"
      },
      "spawn_egg": {
        "base_color": "#C66E55",
        "overlay_color": "#5f6464"
      },
      "identifier" : "minecraft:magma_cube",
      "scripts" : {
        "pre_animation" : [
          "variable.horizontal_scale_amount = 2;",
          "variable.vertical_scale_amount = 2;"
        ],
        "scaleZ" : "variable.horizontal_scale_amount",
        "scaleX" : "variable.horizontal_scale_amount",
        "scaleY" : "variable.vertical_scale_amount"
      },
      "animation_controllers" : [
        {
          "general" : "controller.animation.magma_cube.general"
        }
      ],
      "textures" : {
        "default" : "textures/entity/pamobile/pa_magma_cube"
      }
    }
  },
  "format_version" : "1.8.0"
}