{
	"format_version": "1.10.0",
	"minecraft:client_entity": {
		"description": {
			"identifier": "pa:ourano",
			"textures": {
				"default": "textures/entity/ocean/ourano"
			},
			"materials": {
				"default": "skeleton"
			},
			"geometry": {
				"default": "geometry.ourano"
			},
			"render_controllers": [
				"controller.render.translucence"
			],
			"spawn_egg": {
				"base_color": "#73824b",
				"overlay_color": "#9f9b66"
			},
			"animations": {
				"walk": "animation.ourano.walk",
				"stand": "animation.ourano.stand",
				"run": "animation.ourano.run"
			},
			"scripts": {
				"animate": [
					"root",
					{
						"walk": "query.is_moving && query.modified_move_speed < 0.3"
					},
					{
						"run": "query.modified_move_speed > 0.3"
					},
					{
						"stand": "!query.is_moving"
					}
				]
			}
		}
	}
}