{
  "format_version": "1.10.0",
  "minecraft:client_entity": {
    "description": {
      "identifier": "pa:rhinoceros",
      "textures": {
        "default": "textures/entity/ocean/rhinoceros"
      },
      "materials": {
        "default": "skeleton"
      },
      "geometry": {
        "default": "geometry.rhinoceros"
      },
      "render_controllers": [
        "controller.render.translucence"
      ],
      "spawn_egg": {
        "base_color": "#73824b",
        "overlay_color": "#9f9b66"
      },
      "animations": {
        "walk": "animation.rhinoceros.walk",
        "idle": "animation.rhinoceros.idle",
        "mad": "animation.rhinoceros.mad"
      },
      "scripts": {
        "animate": [
          "root",
          {
            "walk": "query.is_moving && query.modified_move_speed < 0.3"
          },
          {
            "mad": "query.modified_move_speed > 0.3"
          },
          {
            "idle": "!query.is_moving"
          }
        ]
      }
    }
  }
}