{
  "format_version": "1.8.0",
  "minecraft:client_entity": {
    "description": {
      "identifier": "pa:shrimp",
      "materials": {
        "default": "fish"
      },
      "textures": {
        "default": "textures/entity/ocean/shrimp"
      },
      "geometry": {
        "default": "geometry.shrimp"
      },
      "spawn_egg": {
        "base_color": "# ffffffff ",
        "overlay_color": "# ffffd4ff "
      },
      "render_controllers": [ "controller.render.fish" ],

      "enable_attachables": true
    }
  }
}
