{
  "format_version" : "1.10.0",
  "minecraft:client_entity": {
    "description": {
      "identifier": "pa:starfish",
      "materials": {
        "default": "fish"
      },
      "textures": {
        "default": "textures/entity/ocean/starfish"
      },
      "geometry": {
        "default": "geometry.starfish"
      },
      "spawn_egg": {
        "base_color": "# ffff9ba7 ",
        "overlay_color": "# ffff34a7 "
      },
      "render_controllers": [ "controller.render.fish" ],

      "enable_attachables": true
    }
  }
}
