{
  "format_version" : "1.10.0",
  "minecraft:client_entity": {
    "description": {
      "identifier": "pa:swordfish",
      "materials": {
        "default": "fish"
      },
      "textures": {
        "default": "textures/entity/ocean/swordfish"
      },
      "geometry": {
        "default": "geometry.swordfish"
      },
      "spawn_egg": {
        "base_color": "# ff00003f ",
        "overlay_color": "# ffffffff "
      },
      "render_controllers": [ "controller.render.fish" ],
      "enable_attachables": true
    }
  }
}
