{
  "format_version": "1.10.0",
  "minecraft:client_entity": {
    "description": {
      "identifier": "pa:tricera",
      "textures": {
        "default": "textures/entity/ocean/tricera"
      },
      "materials": {
        "default": "skeleton"
      },
      "geometry": {
        "default": "geometry.tricera"
      },
      "render_controllers": [
        "controller.render.translucence"
      ],
      "spawn_egg": {
        "base_color": "#73824b",
        "overlay_color": "#9f9b66"
      },
      "animations": {
        "walk": "animation.tricera.walk",
        "stand": "animation.tricera.stand"
      },
      "scripts": {
        "animate": [
          "root",
          {
            "walk": "query.is_moving"
          },
          {
            "stand": "!query.is_moving"
          }
        ]
      }
    }
  }
}