{
  "format_version": "1.12.0",
  "minecraft:geometry": [
    {
      "description": {
        "identifier": "geometry.ankylo",
        "texture_width": 128,
        "texture_height": 128,
        "visible_bounds_width": 8,
        "visible_bounds_height": 2.5,
        "visible_bounds_offset": [0, 0.75, 0]
      },
      "bones": [
        {
          "name": "Body",
          "pivot": [0, 10, 1],
          "cubes": [
            {"origin": [-8, 5, -10], "size": [16, 12, 22], "uv": [0, 0]},
            {"origin": [4, 7, -11], "size": [3, 3, 1], "uv": [13, 4]},
            {"origin": [-7, 7, -11], "size": [3, 3, 1], "uv": [13, 0]},
            {"origin": [-9, 8, -9], "size": [1, 2, 2], "uv": [47, 54]},
            {"origin": [8, 8, -5], "size": [1, 2, 2], "uv": [28, 50]},
            {"origin": [8, 8, -1], "size": [1, 2, 2], "uv": [49, 48]},
            {"origin": [8, 8, 3], "size": [1, 2, 2], "uv": [43, 48]},
            {"origin": [8, 8, 7], "size": [1, 2, 2], "uv": [32, 48]},
            {"origin": [8, 8, -9], "size": [1, 2, 2], "uv": [32, 52]},
            {"origin": [7, 8, 11], "size": [2, 2, 2], "uv": [0, 0]},
            {"origin": [-9, 8, -1], "size": [1, 2, 2], "uv": [28, 54]},
            {"origin": [-9, 8, 3], "size": [1, 2, 2], "uv": [54, 0]},
            {"origin": [-9, 8, 7], "size": [1, 2, 2], "uv": [43, 52]},
            {"origin": [-9, 8, 11], "size": [2, 2, 2], "uv": [0, 4]},
            {"origin": [-9, 8, -5], "size": [1, 2, 2], "uv": [54, 12]}
          ]
        },
        {
          "name": "Neck",
          "parent": "Body",
          "pivot": [0, 10, -10],
          "cubes": [
            {"origin": [-3, 7, -16], "size": [6, 6, 6], "uv": [54, 0]}
          ]
        },
        {
          "name": "Head",
          "parent": "Neck",
          "pivot": [0, 10, -16],
          "cubes": [
            {"origin": [-3, 10, -22], "size": [6, 3, 6], "uv": [58, 42]},
            {"origin": [-2, 10, -24], "size": [4, 3, 2], "uv": [10, 17]},
            {"origin": [3, 11, -17], "size": [1, 2, 2], "uv": [56, 38]},
            {"origin": [-4, 11, -17], "size": [1, 2, 2], "uv": [56, 34]}
          ]
        },
        {
          "name": "Jaw",
          "parent": "Head",
          "pivot": [0, 10, -16],
          "cubes": [
            {"origin": [-3, 7, -22], "size": [6, 3, 6], "uv": [54, 12]},
            {"origin": [-2, 7, -24], "size": [4, 3, 2], "uv": [0, 14]},
            {"origin": [-4, 7, -17], "size": [1, 2, 2], "uv": [60, 36]},
            {"origin": [3, 7, -17], "size": [1, 2, 2], "uv": [12, 60]}
          ]
        },
        {
          "name": "Tail",
          "parent": "Body",
          "pivot": [0, 12, 12],
          "cubes": [
            {"origin": [-4, 8, 12], "size": [8, 8, 6], "uv": [0, 46]},
            {"origin": [4, 9, 14], "size": [1, 2, 2], "uv": [28, 46]},
            {"origin": [-5, 9, 14], "size": [1, 2, 2], "uv": [0, 34]}
          ]
        },
        {
          "name": "bone2",
          "parent": "Tail",
          "pivot": [0, 12, 18],
          "cubes": [
            {"origin": [-3, 9, 18], "size": [6, 6, 8], "uv": [36, 34]},
            {"origin": [3, 10, 18], "size": [1, 2, 2], "uv": [22, 46]},
            {"origin": [3, 10, 22], "size": [1, 2, 2], "uv": [0, 46]},
            {"origin": [-4, 10, 22], "size": [1, 2, 2], "uv": [34, 34]},
            {"origin": [-4, 10, 18], "size": [1, 2, 2], "uv": [28, 34]}
          ]
        },
        {
          "name": "bone3",
          "parent": "bone2",
          "pivot": [0, 12, 26],
          "cubes": [
            {"origin": [-2, 10, 26], "size": [4, 4, 8], "uv": [46, 53]},
            {"origin": [2, 11, 26], "size": [1, 2, 2], "uv": [38, 36]},
            {"origin": [2, 11, 30], "size": [1, 2, 2], "uv": [34, 38]},
            {"origin": [-3, 11, 30], "size": [1, 2, 2], "uv": [28, 38]},
            {"origin": [-3, 11, 26], "size": [1, 2, 2], "uv": [0, 38]}
          ]
        },
        {
          "name": "bone4",
          "parent": "bone3",
          "pivot": [0, 12, 34],
          "cubes": [
            {"origin": [-1, 11, 34], "size": [2, 2, 11], "uv": [28, 48]},
            {"origin": [1, 11.5, 34], "size": [1, 1, 2], "uv": [28, 61]},
            {"origin": [-2, 11.5, 42], "size": [1, 1, 2], "uv": [53, 50]},
            {"origin": [-2, 11.5, 38], "size": [1, 1, 2], "uv": [0, 19]},
            {"origin": [-2, 11.5, 34], "size": [1, 1, 2], "uv": [12, 14]},
            {"origin": [1, 11.5, 42], "size": [1, 1, 2], "uv": [32, 56]},
            {"origin": [1, 11.5, 38], "size": [1, 1, 2], "uv": [43, 56]}
          ]
        },
        {
          "name": "bone5",
          "parent": "bone4",
          "pivot": [0, 12, 45],
          "cubes": [
            {"origin": [-5, 10, 45], "size": [10, 4, 8], "uv": [0, 34]},
            {"origin": [-1, 9.5, 44.5], "size": [2, 5, 9], "uv": [0, 0]}
          ]
        },
        {
          "name": "Rarm",
          "parent": "Body",
          "pivot": [-4, 5, -5],
          "cubes": [
            {"origin": [-6, 0, -7], "size": [4, 5, 4], "uv": [62, 51]}
          ]
        },
        {
          "name": "Larm",
          "parent": "Body",
          "pivot": [4, 5, -5],
          "cubes": [
            {"origin": [2, 0, -7], "size": [4, 5, 4], "uv": [32, 61]}
          ]
        },
        {
          "name": "Rleg",
          "parent": "Body",
          "pivot": [-4, 5, 8],
          "cubes": [
            {"origin": [-6, 0, 6], "size": [4, 5, 4], "uv": [0, 60]}
          ]
        },
        {
          "name": "Lleg",
          "parent": "Body",
          "pivot": [4, 5, 8],
          "cubes": [
            {"origin": [2, 0, 6], "size": [4, 5, 4], "uv": [16, 60]}
          ]
        }
      ]
    }
  ]
}