{
    "format_version": "1.10.0",
    "geometry.bee": {
        "texturewidth": 64,
        "textureheight": 64,
        "visible_bounds_width": 1.5,
        "visible_bounds_height": 1.5,
        "visible_bounds_offset": [0, 0.25, 0],
        "bones": [
            {
                "name": "body",
                "pivot": [0.5, 5, 0],
                "cubes": [
                    {"origin": [-3, 2, -5], "size": [7, 7, 10], "uv": [0, 0]},
                    {"origin": [2, 7, -8], "size": [1, 2, 3], "uv": [2, 0]},
                    {"origin": [-2, 7, -8], "size": [1, 2, 3], "uv": [2, 3]}
                ],
                "locators": {
                    "lead": [0, 4, -1]
                }
            },
            {
                "name": "stinger",
                "parent": "body",
                "pivot": [0.5, 6, 1],
                "cubes": [
                    {"origin": [0.5, 5, 5], "size": [0, 1, 2], "uv": [26, 7]}
                ]
            },
            {
                "name": "rightwing_bone",
                "parent": "body",
                "pivot": [-1, 9, -3],
                "rotation": [15, -15, 0],
                "cubes": [
                    {"origin": [-10, 9, -3], "size": [9, 0, 6], "uv": [0, 18]}
                ]
            },
            {
                "name": "leftwing_bone",
                "parent": "body",
                "pivot": [2, 9, -3],
                "rotation": [15, 15, 0],
                "cubes": [
                    {"origin": [2, 9, -3], "size": [9, 0, 6], "uv": [9, 24]}
                ]
            },
            {
                "name": "leg_front",
                "parent": "body",
                "pivot": [2, 2, -2],
                "cubes": [
                    {"origin": [-3, 0, -2], "size": [7, 2, 0], "uv": [26, 1]}
                ]
            },
            {
                "name": "leg_mid",
                "parent": "body",
                "pivot": [2, 2, 0],
                "cubes": [
                    {"origin": [-3, 0, 0], "size": [7, 2, 0], "uv": [26, 3]}
                ]
            },
            {
                "name": "leg_back",
                "parent": "body",
                "pivot": [2, 2, 2],
                "cubes": [
                    {"origin": [-3, 0, 2], "size": [7, 2, 0], "uv": [26, 5]}
                ]
            }
        ]
    }
}