{
  "format_version": "1.8.0",
  "geometry.bench": {
    "texturewidth": 64,
    "textureheight": 64,
    "bones": [
      {
        "name": "body",
        "pivot": [0, 24, 0],
        "cubes": [
          {"origin": [-5, 8, -5], "size": [10, 2, 10], "uv": [0, 0]},
          {"origin": [-5, 0, -5], "size": [2, 8, 2], "uv": [0, 12]},
          {"origin": [3, 0, -5], "size": [2, 8, 2], "uv": [0, 12]},
          {"origin": [-5, 0, 3], "size": [2, 8, 2], "uv": [0, 12]},
          {"origin": [3, 0, 3], "size": [2, 8, 2], "uv": [0, 12]}
        ]
      }
    ]
  }
}