{
	"format_version": "1.12.0",
	"minecraft:geometry": [
		{
			"description": {
				"identifier": "geometry.boat",
				"texture_width": 128,
				"texture_height": 64,
				"visible_bounds_width": 5,
				"visible_bounds_height": 1,
				"visible_bounds_offset": [0, 0, 0]
			},
			"bones": [
				{
					"name": "bottom",
					"pivot": [0, 18, 0],
					"rotation": [90, 0, 0],
					"mirror": true,
					"cubes": [
						{"origin": [-14, 10, 0], "size": [28, 16, 3], "uv": [0, 0]}
					]
				},
				{
					"name": "front",
					"pivot": [15, 24, 0],
					"rotation": [0, 90, 0],
					"mirror": true,
					"cubes": [
						{"origin": [7, 21, -1], "size": [16, 6, 2], "uv": [0, 27]}
					]
				},
				{
					"name": "back",
					"pivot": [-15, 24, 0],
					"rotation": [0, -90, 0],
					"mirror": true,
					"cubes": [
						{"origin": [-24, 21, -1], "size": [18, 6, 2], "uv": [0, 19]}
					]
				},
				{
					"name": "right",
					"pivot": [0, 24, -9],
					"rotation": [0, -180, 0],
					"mirror": true,
					"cubes": [
						{"origin": [-14, 21, -10], "size": [28, 6, 2], "uv": [0, 35]}
					]
				},
				{
					"name": "left",
					"pivot": [0, 24, 9],
					"mirror": true,
					"cubes": [
						{"origin": [-14, 21, 8], "size": [28, 6, 2], "uv": [0, 43]}
					]
				},
				{
					"name": "paddle_left",
					"pivot": [-2.5, 28, 9],
					"mirror": true,
					"cubes": [
						{"origin": [-3.5, 27, 3.5], "size": [2, 2, 18], "uv": [62, 0]},
						{"origin": [-2.51, 26, 17.5], "size": [1, 6, 7], "uv": [62, 0]}
					]
				},
				{
					"name": "paddle_right",
					"pivot": [-2.5, 28, -9],
					"mirror": true,
					"cubes": [
						{"origin": [-3.5, 27, -14.5], "size": [2, 2, 18], "uv": [62, 20]},
						{"origin": [-3.49, 26, -0.5], "size": [1, 6, 7], "uv": [62, 20]}
					]
				}
			]
		}
	]
}