{
  "geometry.cachalote": {
    "texturewidth": 256,
    "textureheight": 256,
    "visible_bounds_width": 14,
    "visible_bounds_height": 2,
    "visible_bounds_offset": [0, 1, 0],
    "bones": [
      {
        "name": "head",
        "pivot": [0, 0, 0],
        "cubes": [
          {"origin": [-10, 6, -50], "size": [22, 16, 48], "uv": [0, 0]},
          {"origin": [-10, 5, -50], "size": [1, 1, 0.5], "uv": [0, 0]},
          {"origin": [-10, 5, -48], "size": [1, 1, 0.5], "uv": [0, 0]},
          {"origin": [-10, 5, -46], "size": [1, 1, 0.5], "uv": [0, 0]},
          {"origin": [-10, 5, -44], "size": [1, 1, 0.5], "uv": [0, 0]},
          {"origin": [-10, 5, -42], "size": [1, 1, 0.5], "uv": [0, 0]},
          {"origin": [-10, 5, -40], "size": [1, 1, 0.5], "uv": [0, 0]},
          {"origin": [-10, 5, -38], "size": [1, 1, 0.5], "uv": [0, 0]},
          {"origin": [-10, 5, -36], "size": [1, 1, 0.5], "uv": [0, 0]},
          {"origin": [-10, 5, -34], "size": [1, 1, 0.5], "uv": [0, 0]},
          {"origin": [-10, 5, -31], "size": [1, 1, 0.5], "uv": [0, 0]},
          {"origin": [-10, 5, -29], "size": [1, 1, 0.5], "uv": [0, 0]},
          {"origin": [-10, 5, -27], "size": [1, 1, 0.5], "uv": [0, 0]},
          {"origin": [-10, 5, -24], "size": [1, 1, 0.5], "uv": [0, 0]},
          {"origin": [-10, 5, -22], "size": [1, 1, 0.5], "uv": [0, 0]},
          {"origin": [-10, 5, -20], "size": [1, 1, 0.5], "uv": [0, 0]},
          {"origin": [-10, 5, -18], "size": [1, 1, 0.5], "uv": [0, 0]},
          {"origin": [-10, 5, -16], "size": [1, 1, 0.5], "uv": [0, 0]},
          {"origin": [-10, 5, -14], "size": [1, 1, 0.5], "uv": [0, 0]},
          {"origin": [-10, 5, -12], "size": [1, 1, 0.5], "uv": [0, 0]},
          {"origin": [-10, 5, -10], "size": [1, 1, 0.5], "uv": [0, 0]},
          {"origin": [-10, 5, -8], "size": [1, 1, 0.5], "uv": [0, 0]},
          {"origin": [11, 5, -6], "size": [1, 1, 0.5], "uv": [0, 0]},
          {"origin": [11, 5, -8], "size": [1, 1, 0.5], "uv": [0, 0]},
          {"origin": [11, 5, -9], "size": [1, 1, 0.5], "uv": [0, 0]},
          {"origin": [11, 5, -11], "size": [1, 1, 0.5], "uv": [0, 0]},
          {"origin": [11, 5, -13], "size": [1, 1, 0.5], "uv": [0, 0]},
          {"origin": [11, 5, -15], "size": [1, 1, 0.5], "uv": [0, 0]},
          {"origin": [11, 5, -17], "size": [1, 1, 0.5], "uv": [0, 0]},
          {"origin": [11, 5, -19], "size": [1, 1, 0.5], "uv": [0, 0]},
          {"origin": [11, 5, -21], "size": [1, 1, 0.5], "uv": [0, 0]},
          {"origin": [11, 5, -23], "size": [1, 1, 0.5], "uv": [0, 0]},
          {"origin": [11, 5, -25], "size": [1, 1, 0.5], "uv": [0, 0]},
          {"origin": [11, 5, -27], "size": [1, 1, 0.5], "uv": [0, 0]},
          {"origin": [11, 5, -29], "size": [1, 1, 0.5], "uv": [0, 0]},
          {"origin": [11, 5, -31], "size": [1, 1, 0.5], "uv": [0, 0]},
          {"origin": [11, 5, -31], "size": [1, 1, 0.5], "uv": [0, 0]},
          {"origin": [11, 5, -33], "size": [1, 1, 0.5], "uv": [0, 0]},
          {"origin": [11, 5, -35], "size": [1, 1, 0.5], "uv": [0, 0]},
          {"origin": [11, 5, -37], "size": [1, 1, 0.5], "uv": [0, 0]},
          {"origin": [11, 5, -39], "size": [1, 1, 0.5], "uv": [0, 0]},
          {"origin": [11, 5, -39], "size": [1, 1, 0.5], "uv": [0, 0]},
          {"origin": [11, 5, -41], "size": [1, 1, 0.5], "uv": [0, 0]},
          {"origin": [11, 5, -43], "size": [1, 1, 0.5], "uv": [0, 0]},
          {"origin": [11, 5, -45], "size": [1, 1, 0.5], "uv": [0, 0]},
          {"origin": [11, 5, -47], "size": [1, 1, 0.5], "uv": [0, 0]},
          {"origin": [11, 5, -49], "size": [1, 1, 0.5], "uv": [0, 0]},
          {"origin": [11, 5, -50], "size": [1, 1, 0.5], "uv": [0, 0]},
          {"origin": [9, 5, -50], "size": [1, 1, 0.5], "uv": [0, 0]},
          {"origin": [7, 5, -50], "size": [1, 1, 0.5], "uv": [0, 0]},
          {"origin": [5, 5, -50], "size": [1, 1, 0.5], "uv": [0, 0]},
          {"origin": [3, 5, -50], "size": [1, 1, 0.5], "uv": [0, 0]},
          {"origin": [1, 5, -50], "size": [1, 1, 0.5], "uv": [0, 0]},
          {"origin": [-1, 5, -50], "size": [1, 1, 0.5], "uv": [0, 0]},
          {"origin": [-3, 5, -50], "size": [1, 1, 0.5], "uv": [0, 0]},
          {"origin": [-5, 5, -50], "size": [1, 1, 0.5], "uv": [0, 0]},
          {"origin": [-7, 5, -50], "size": [1, 1, 0.5], "uv": [0, 0]},
          {"origin": [-8, 5, -50], "size": [1, 1, 0.5], "uv": [0, 0]}
        ]
      },
      {
        "name": "body1",
        "pivot": [2, 0, -4],
        "rotation": [3, 0, 0],
        "cubes": [
          {"origin": [-10, 4, -50], "size": [22, 1, 48], "uv": [104, 27]},
          {"origin": [-10, 5, -50], "size": [1, 1, 0.5], "uv": [0, 0]},
          {"origin": [-10, 5, -48], "size": [1, 1, 0.5], "uv": [0, 0]},
          {"origin": [-10, 5, -46], "size": [1, 1, 0.5], "uv": [0, 0]},
          {"origin": [-10, 5, -46], "size": [1, 1, 0.5], "uv": [0, 0]},
          {"origin": [-10, 5, -44], "size": [1, 1, 0.5], "uv": [0, 0]},
          {"origin": [-10, 5, -42], "size": [1, 1, 0.5], "uv": [0, 0]},
          {"origin": [-10, 5, -40], "size": [1, 1, 0.5], "uv": [0, 0]},
          {"origin": [-10, 5, -38], "size": [1, 1, 0.5], "uv": [0, 0]},
          {"origin": [-10, 5, -36], "size": [1, 1, 0.5], "uv": [0, 0]},
          {"origin": [-10, 5, -34], "size": [1, 1, 0.5], "uv": [0, 0]},
          {"origin": [-10, 5, -32], "size": [1, 1, 0.5], "uv": [0, 0]},
          {"origin": [-10, 5, -30], "size": [1, 1, 0.5], "uv": [0, 0]},
          {"origin": [-10, 5, -28], "size": [1, 1, 0.5], "uv": [0, 0]},
          {"origin": [-10, 5, -26], "size": [1, 1, 0.5], "uv": [0, 0]},
          {"origin": [-10, 5, -23], "size": [1, 1, 0.5], "uv": [0, 0]},
          {"origin": [-10, 5, -21], "size": [1, 1, 0.5], "uv": [0, 0]},
          {"origin": [-10, 5, -19], "size": [1, 1, 0.5], "uv": [0, 0]},
          {"origin": [-10, 5, -17], "size": [1, 1, 0.5], "uv": [0, 0]},
          {"origin": [-10, 5, -15], "size": [1, 1, 0.5], "uv": [0, 0]},
          {"origin": [-10, 5, -13], "size": [1, 1, 0.5], "uv": [0, 0]},
          {"origin": [-10, 5, -11], "size": [1, 1, 0.5], "uv": [0, 0]},
          {"origin": [-10, 5, -9], "size": [1, 1, 0.5], "uv": [0, 0]},
          {"origin": [-10, 5, -7], "size": [1, 1, 0.5], "uv": [0, 0]},
          {"origin": [11, 5, -50], "size": [1, 1, 0.5], "uv": [0, 0]},
          {"origin": [11, 5, -48], "size": [1, 1, 0.5], "uv": [0, 0]},
          {"origin": [11, 5, -46], "size": [1, 1, 0.5], "uv": [0, 0]},
          {"origin": [11, 5, -44], "size": [1, 1, 0.5], "uv": [0, 0]},
          {"origin": [11, 5, -42], "size": [1, 1, 0.5], "uv": [0, 0]},
          {"origin": [11, 5, -40], "size": [1, 1, 0.5], "uv": [0, 0]},
          {"origin": [11, 5, -38], "size": [1, 1, 0.5], "uv": [0, 0]},
          {"origin": [11, 5, -36], "size": [1, 1, 0.5], "uv": [0, 0]},
          {"origin": [11, 5, -34], "size": [1, 1, 0.5], "uv": [0, 0]},
          {"origin": [11, 5, -32], "size": [1, 1, 0.5], "uv": [0, 0]},
          {"origin": [11, 5, -30], "size": [1, 1, 0.5], "uv": [0, 0]},
          {"origin": [11, 5, -27], "size": [1, 1, 0.5], "uv": [0, 0]},
          {"origin": [11, 5, -25], "size": [1, 1, 0.5], "uv": [0, 0]},
          {"origin": [11, 5, -23], "size": [1, 1, 0.5], "uv": [0, 0]},
          {"origin": [11, 5, -21], "size": [1, 1, 0.5], "uv": [0, 0]},
          {"origin": [11, 5, -19], "size": [1, 1, 0.5], "uv": [0, 0]},
          {"origin": [11, 5, -19], "size": [1, 1, 0.5], "uv": [0, 0]},
          {"origin": [11, 5, -17], "size": [1, 1, 0.5], "uv": [0, 0]},
          {"origin": [11, 5, -14], "size": [1, 1, 0.5], "uv": [0, 0]},
          {"origin": [11, 5, -12], "size": [1, 1, 0.5], "uv": [0, 0]},
          {"origin": [11, 5, -10], "size": [1, 1, 0.5], "uv": [0, 0]},
          {"origin": [11, 5, -7], "size": [1, 1, 0.5], "uv": [0, 0]},
          {"origin": [9, 5, -50], "size": [1, 1, 0.5], "uv": [0, 0]},
          {"origin": [7, 5, -50], "size": [1, 1, 0.5], "uv": [0, 0]},
          {"origin": [5, 5, -50], "size": [1, 1, 0.5], "uv": [0, 0]},
          {"origin": [3, 5, -50], "size": [1, 1, 0.5], "uv": [0, 0]},
          {"origin": [1, 5, -50], "size": [1, 1, 0.5], "uv": [0, 0]},
          {"origin": [-1, 5, -50], "size": [1, 1, 0.5], "uv": [0, 0]},
          {"origin": [-3, 5, -50], "size": [1, 1, 0.5], "uv": [0, 0]},
          {"origin": [-5, 5, -50], "size": [1, 1, 0.5], "uv": [0, 0]},
          {"origin": [-7, 5, -50], "size": [1, 1, 0.5], "uv": [0, 0]},
          {"origin": [-8, 5, -50], "size": [1, 1, 0.5], "uv": [0, 0]}
        ]
      },
      {
        "name": "body2",
        "pivot": [0, 0, 0],
        "cubes": [
          {"origin": [-10, 4, -2], "size": [22, 18, 47], "uv": [0, 68]}
        ]
      },
      {
        "name": "body4",
        "pivot": [0, 0, 0],
        "rotation": [0, 20, -10],
        "cubes": [
          {"origin": [-28, 7, -2], "size": [20, 2, 9], "uv": [0, 133]}
        ]
      },
      {
        "name": "body5",
        "pivot": [0, 0, 0],
        "rotation": [0, -20, 10],
        "cubes": [
          {"origin": [12, 7, -2], "size": [20, 2, 9], "uv": [0, 133]}
        ]
      },
      {
        "name": "body6",
        "pivot": [0, 0, 0],
        "rotation": [-5, 0, 0],
        "cubes": [
          {"origin": [-9, 9, 43], "size": [20, 16, 20], "uv": [0, 144]},
          {"origin": [-8, 10, 63], "size": [18, 14, 14], "uv": [0, 180]},
          {"origin": [-7, 11, 77], "size": [16, 12, 8], "uv": [0, 208]},
          {"origin": [-6, 11, 85], "size": [14, 11, 22], "uv": [27, 223]}
        ]
      },
      {
        "name": "body7",
        "pivot": [0, 0, 0],
        "rotation": [-5, -15, 0],
        "cubes": [
          {"origin": [30, 15, 100], "size": [29, 2, 10], "uv": [63, 207]}
        ]
      },
      {
        "name": "body8",
        "pivot": [0, 0, 0],
        "rotation": [-5, 15, 0],
        "cubes": [
          {"origin": [-57, 15, 100], "size": [29, 2, 10], "uv": [63, 207]}
        ]
      },
      {
        "name": "body9",
        "pivot": [0, 0, 0],
        "rotation": [45, 0, 0],
        "cubes": [
          {"origin": [-2, -18, 36], "size": [6, 10, 15], "uv": [151, 169]},
          {"origin": [-1, -32, 45], "size": [3, 10, 12], "uv": [151, 169]},
          {"origin": [0, -40, 58], "size": [3, 7, 7], "uv": [151, 169]}
        ]
      },
      {
        "name": "body10",
        "pivot": [0, 0, 0],
        "rotation": [-5, 15, 0]
      },
      {
        "name": "bodyfinal",
        "pivot": [2, 6, -4],
        "cubes": [
          {"origin": [0, 15, 0], "size": [0, 0, 0], "uv": [0, 0]}
        ]
      }
    ]
  }
}