{
	"geometry.camel": {
		"texturewidth": 96,
		"textureheight": 96,
		"bones": [
			{
				"name": "head",
				"pivot": [0, 17, -6],
				"mirror": true,
				"cubes": [
					{"origin": [-4, 15, -14], "size": [8, 2, 7], "uv": [22, 70]},
					{"origin": [-4, 17, -10], "size": [8, 3, 3], "uv": [0, 70]},
					{"origin": [-2, 29, -20], "size": [4, 4, 9], "uv": [0, 0]},
					{"origin": [-4, 17, -16], "size": [8, 18, 6], "uv": [26, 0]},
					{"origin": [3, 33, -14], "size": [2, 3, 2], "uv": [54, 0]},
					{"origin": [-5, 33, -14], "size": [2, 3, 2], "uv": [0, 24]}
				]
			},
			{
				"name": "main_body",
				"pivot": [0, 19, 2],
        "rotation": [ 90.0, 0.0, 0.0 ],
				"mirror": true,
				"cubes": [
					{"origin": [-2, 14, 10], "size": [4, 5, 3], "uv": [0, 83]},
					{"origin": [-4, 20, 5], "size": [8, 1, 3], "uv": [40, 83]},
					{"origin": [-4, 21, 5], "size": [8, 7, 5], "uv": [14, 83]},
					{"origin": [-4, 12, 5], "size": [8, 8, 5], "uv": [52, 70]},
					{"origin": [-6, 11, -5], "size": [12, 18, 10], "uv": [8, 24]}
				]
			},
			{
				"name": "leg0",
				"pivot": [3.5, 14, 6],
				"mirror": true,
				"cubes": [
					{"origin": [1.5, 0, 4], "size": [4, 14, 4], "uv": [52, 24]}
				]
			},
			{
				"name": "leg1",
				"pivot": [-3.5, 14, 6],
				"mirror": true,
				"cubes": [
					{"origin": [-5.5, 0, 4], "size": [4, 14, 4], "uv": [0, 52]}
				]
			},
			{
				"name": "leg2",
				"pivot": [3.5, 14, -5],
				"mirror": true,
				"cubes": [
					{"origin": [1.5, 0, -7], "size": [4, 14, 4], "uv": [16, 52]}
				]
			},
			{
				"name": "leg3",
				"pivot": [-3.5, 14, -5],
				"mirror": true,
				"cubes": [
					{"origin": [-5.5, 0, -7], "size": [4, 14, 4], "uv": [32, 52]}
				]
			}
		]
	}
}