{
  "format_version": "1.10.0",
  "geometry.cod": {
    "visible_bounds_width": 0.5,
    "visible_bounds_height": 0.5,
    "texturewidth": 32,
    "textureheight": 32,
    "bones": [
      {
        "name": "body",
        "cubes": [
          {
            "origin": [ -1.0, 0.0, 1.0 ],
            "size": [ 2.0, 4.0, 7.0 ],
            "uv": [ 0.0, 0.0 ]
          },
          {
            "origin": [ 0.0, 4.0, 0.0 ],
            "size": [ 0.0, 1.0, 6.0 ],
            "uv": [ 20.0, -6.0 ]
          },
          {
            "origin": [ 0.0, -1.0, 3.0 ],
            "size": [ 0.0, 1.0, 2.0 ],
            "uv": [ 22.0, -1.0 ]
          }
        ]
      },
      {
        "name": "head",
        "parent": "body",
        "pivot": [ 0.0, 2.0, 0.0 ],
        "cubes": [
          {
            "origin": [ -0.9992, 1.0008, -3.0 ],
            "size": [ 2.0, 3.0, 1.0 ],
            "uv": [ 0.0, 0.0 ]
          },
          {
            "origin": [ -1.0, 0.0, -2.0 ],
            "size": [ 2.0, 4.0, 3.0 ],
            "uv": [ 11.0, 0.0 ]
          }
        ]
      },
      {
        "name": "leftFin",
        "parent": "body",
        "pivot": [ 1.0, 1.0, 0.0 ],
        "rotation": [ 0.0, 0.0, 35.0 ],
        "cubes": [
          {
            "origin": [ 1.0, 0.0, 0.0 ],
            "size": [ 2.0, 1.0, 2.0 ],
            "uv": [ 24.0, 4.0 ]
          }
        ]
      },
      {
        "name": "rightFin",
        "parent": "body",
        "pivot": [ -1.0, 1.0, 0.0 ],
        "rotation": [ 0.0, 0.0, -35.0 ],
        "cubes": [
          {
            "origin": [ -3.0, 0.0, 0.0 ],
            "size": [ 2.0, 1.0, 2.0 ],
            "uv": [ 24.0, 1.0 ]
          }
        ]
      },
      {
        "name": "tailfin",
        "parent": "body",
        "pivot": [ 0.0, 0.0, 8.0 ],
        "cubes": [
          {
            "origin": [ 0.0, 0.0, 8.0 ],
            "size": [ 0.0, 4.0, 6.0 ],
            "uv": [ 20.0, 1.0 ]
          }
        ]
      },
      {
        "name": "waist",
        "parent": "body",
        "cubes": []
      }
    ]
  }
}