{
  "geometry.crab": {
    "texturewidth": 128,
    "textureheight": 128,
    "visible_bounds_width": 2,
    "visible_bounds_height": 1,
    "visible_bounds_offset": [0, 0.5, 0],
    "bones": [
      {
        "name": "body0",
        "pivot": [0, 9, 0],
        "cubes": [
          {"origin": [-1, 0, -2], "size": [10, 2, 10], "uv": [0, 16]}
        ]
      },
      {
        "name": "body1",
        "pivot": [0, 9, 9],
        "cubes": [
          {"origin": [-5, 5, 3], "size": [0, 0, 0], "uv": [0, 39]},
          {"origin": [0, 2, 0], "size": [8, 1, 7], "uv": [0, 0]}
        ]
      },
      {
        "name": "leg0",
        "pivot": [-4, 9, 2],
        "rotation": [0, 0, -25],
        "cubes": [
          {"origin": [-10, 0.5, 3], "size": [6, 1, 1], "uv": [0, 39]},
          {"origin": [-12, -2, 1], "size": [0, 0, 0], "uv": [0, 39]},
          {"origin": [-10, 0.5, 1], "size": [6, 1, 1], "uv": [0, 39]},
          {"origin": [-10, 0.5, 5], "size": [6, 1, 1], "uv": [0, 39]},
          {"origin": [-10, 0.5, 7], "size": [6, 1, 1], "uv": [0, 39]}
        ]
      },
      {
        "name": "leg1",
        "pivot": [4, 9, 2],
        "rotation": [0, 0, 25],
        "cubes": [
          {"origin": [11, 3.5, 7], "size": [6, 1, 1], "uv": [0, 39]},
          {"origin": [3, 8, 1], "size": [0, 0, 0], "uv": [0, 16]},
          {"origin": [11, 3.5, 5], "size": [6, 1, 1], "uv": [0, 39]},
          {"origin": [11, 3.5, 3], "size": [6, 1, 1], "uv": [0, 39]},
          {"origin": [11, 3.5, 1], "size": [6, 1, 1], "uv": [0, 39]}
        ]
      },
      {
        "name": "eyes",
        "pivot": [4, 9, 1],
        "rotation": [20, 0, 0],
        "cubes": [
          {"origin": [2, 3, -3], "size": [1, 2, 1], "uv": [0, 63]},
          {"origin": [5, 3, -3], "size": [1, 2, 1], "uv": [0, 63]}
        ]
      },
      {
        "name": "pinza1",
        "pivot": [-4, 9, 0],
        "rotation": [0, -20, 0],
        "cubes": [
          {"origin": [5.5, 1, -8], "size": [4, 1, 2], "uv": [0, 48]},
          {"origin": [6.5, 0, -8], "size": [3, 1, 2], "uv": [0, 53]}
        ]
      },
      {
        "name": "pinza2",
        "pivot": [4, 9, 0],
        "rotation": [0, 20, 0],
        "cubes": [
          {"origin": [-1.5, 0, -5], "size": [3, 1, 2], "uv": [0, 53]},
          {"origin": [-1.5, 1, -5], "size": [4, 1, 2], "uv": [0, 48]}
        ]
      },
      {
        "name": "bodyfinal",
        "pivot": [4, 9, -1],
        "cubes": [
          {"origin": [3, 8, -2], "size": [0, 0, 0], "uv": [0, 16]}
        ]
      }
    ]
  }
}