{
  "geometry.crocodile": {
    "texturewidth": 96,
    "textureheight": 96,
    "visible_bounds_width": 4,
    "visible_bounds_height": 1,
    "visible_bounds_offset": [0, 0.5, 0],
    "bones": [
      {
        "name": "body0",
        "pivot": [0, 0, 0],
        "cubes": [
          {"origin": [-5, 4, -12], "size": [10, 7, 23], "uv": [0, 0]},
          {"origin": [-3, 2.5, 18], "size": [6, 5, 10], "uv": [36, 30]},
          {"origin": [-2.5, 3, 28], "size": [5, 3, 6], "uv": [0, 60]},
          {"origin": [1.5, 7.5, 21], "size": [1, 1, 2], "uv": [30, 85]},
          {"origin": [-2.5, 7.5, 21], "size": [1, 1, 2], "uv": [36, 85]},
          {"origin": [1, 7.5, 25], "size": [1, 1, 2], "uv": [42, 85]},
          {"origin": [-2, 7.5, 25], "size": [1, 1, 2], "uv": [48, 85]},
          {"origin": [0.5, 6, 30], "size": [1, 1, 2], "uv": [54, 85]},
          {"origin": [-1.5, 6, 30], "size": [1, 1, 2], "uv": [60, 77]}
        ]
      },
      {
        "name": "leg0",
        "pivot": [0, 0, 0],
        "cubes": [
          {"origin": [5, 0, -10], "size": [3, 2, 5], "uv": [22, 60]},
          {"origin": [5, 2, -8], "size": [3, 2, 3], "uv": [36, 77]}
        ]
      },
      {
        "name": "leg1",
        "pivot": [0, 0, 0],
        "cubes": [
          {"origin": [5, 0, 5], "size": [3, 2, 5], "uv": [0, 69]},
          {"origin": [5, 2, 7], "size": [3, 2, 3], "uv": [24, 77]}
        ]
      },
      {
        "name": "leg2",
        "pivot": [0, 0, 0],
        "cubes": [
          {"origin": [-8, 0, 5], "size": [3, 2, 5], "uv": [54, 60]},
          {"origin": [-8, 2, 7], "size": [3, 2, 3], "uv": [0, 77]}
        ]
      },
      {
        "name": "leg3",
        "pivot": [0, 0, 0],
        "cubes": [
          {"origin": [-8, 0, -10], "size": [3, 2, 5], "uv": [38, 60]},
          {"origin": [-8, 2, -8], "size": [3, 2, 3], "uv": [12, 77]}
        ]
      },
      {
        "name": "leg0r",
        "pivot": [0, 0, 0],
        "rotation": [0, 0, -45],
        "cubes": [
          {"origin": [5.5, -2.75, -8], "size": [3, 5, 3], "uv": [40, 69]}
        ]
      },
      {
        "name": "leg1r",
        "pivot": [0, 0, 0],
        "rotation": [0, 0, -45],
        "cubes": [
          {"origin": [5.5, -2.75, 7], "size": [3, 5, 3], "uv": [28, 69]}
        ]
      },
      {
        "name": "leg2r",
        "pivot": [0, 0, 0],
        "rotation": [0, 0, 45],
        "cubes": [
          {"origin": [-8.5, -2.75, 7], "size": [3, 5, 3], "uv": [52, 69]}
        ]
      },
      {
        "name": "leg3r",
        "pivot": [0, 0, 0],
        "rotation": [0, 0, 45],
        "cubes": [
          {"origin": [-8.5, -2.75, -8], "size": [3, 5, 3], "uv": [16, 69]}
        ]
      },
      {
        "name": "body1",
        "pivot": [0, 0, 0],
        "rotation": [-15, 0, 0],
        "cubes": [
          {"origin": [-4, 6.5, 7.5], "size": [8, 7, 10], "uv": [0, 30]},
          {"origin": [1.5, 13.5, 8.5], "size": [1, 1, 2], "uv": [6, 85]},
          {"origin": [-2.5, 13.5, 8.5], "size": [1, 1, 2], "uv": [12, 85]},
          {"origin": [1, 13.5, 12.5], "size": [1, 1, 2], "uv": [18, 85]},
          {"origin": [-2, 13.5, 12.5], "size": [1, 1, 2], "uv": [24, 85]}
        ]
      },
      {
        "name": "main_head",
        "pivot": [0, 0, 0],
        "cubes": [
          {"origin": [-3.5, 4, -19], "size": [7, 6, 7], "uv": [60, 47]},
          {"origin": [-3, 4, -28], "size": [6, 2, 9], "uv": [30, 47]},
          {"origin": [1, 10, -16], "size": [1, 1, 2], "uv": [0, 88]},
          {"origin": [-2, 10, -16], "size": [1, 1, 2], "uv": [0, 82]},
          {"origin": [-2, 11, -10], "size": [1, 1, 2], "uv": [6, 82]},
          {"origin": [1, 11, -10], "size": [1, 1, 2], "uv": [12, 82]},
          {"origin": [-2.5, 11, -6], "size": [1, 1, 2], "uv": [18, 82]},
          {"origin": [1.5, 11, -6], "size": [1, 1, 2], "uv": [24, 82]},
          {"origin": [-2, 11, -2], "size": [1, 1, 2], "uv": [30, 82]},
          {"origin": [1, 11, -2], "size": [1, 1, 2], "uv": [36, 82]},
          {"origin": [-2.5, 11, 2], "size": [1, 1, 2], "uv": [42, 82]},
          {"origin": [1.5, 11, 2], "size": [1, 1, 2], "uv": [48, 82]},
          {"origin": [-2, 11, 6], "size": [1, 1, 2], "uv": [54, 82]},
          {"origin": [1, 11, 6], "size": [1, 1, 2], "uv": [0, 85]}
        ]
      },
      {
        "name": "top_mouth",
        "pivot": [0, 7, -19],
        "cubes": [
          {"origin": [-2, 7.5, -27], "size": [1, 1, 2], "uv": [54, 77]},
          {"origin": [1, 7.5, -27], "size": [1, 1, 2], "uv": [48, 77]},
          {"origin": [-3, 5.5, -28], "size": [6, 2, 9], "uv": [0, 47]}
        ]
      }
    ]
  }
}