{
  "geometry.elephant": {
    "texturewidth": 160,
    "textureheight": 160,
    "visible_bounds_width": 4,
    "visible_bounds_height": 3,
    "visible_bounds_offset": [0, 1.5, 0],
    "bones": [
      {
        "name": "leg1",
        "pivot": [6, 20, -11],
        "cubes": [
          {"origin": [2, 12, -15], "size": [8, 8, 8], "uv": [0, 67]},
          {"origin": [2.5, 0, -14.5], "size": [7, 12, 7], "uv": [94, 67]}
        ]
      },
      {
        "name": "leg2",
        "pivot": [7, 21, 11],
        "cubes": [
          {"origin": [3.5, 0, 7.25], "size": [7, 10, 8], "uv": [64, 67]},
          {"origin": [3, 10, 6], "size": [8, 16, 9], "uv": [58, 38]}
        ]
      },
      {
        "name": "leg0",
        "pivot": [-7, 21, 11],
        "cubes": [
          {"origin": [-11, 10, 7], "size": [8, 16, 8], "uv": [92, 38]},
          {"origin": [-10.5, 0, 8.25], "size": [7, 10, 7], "uv": [28, 86]}
        ]
      },
      {
        "name": "leg3",
        "pivot": [-6, 20, -11],
        "cubes": [
          {"origin": [-10, 12, -15], "size": [8, 8, 8], "uv": [32, 67]},
          {"origin": [-9.5, 0, -14.5], "size": [7, 12, 7], "uv": [0, 86]}
        ]
      },
      {
        "name": "main_body",
        "pivot": [0, 0, 0],
        "cubes": [
          {"origin": [-11, 20, -16], "size": [22, 22, 16], "uv": [0, 0]},
          {"origin": [-10.5, 21, 0], "size": [21, 19, 16], "uv": [76, 0]}
        ]
      },
      {
        "name": "main_head",
        "pivot": [0, 0, 0],
        "cubes": [
          {"origin": [-7, 27, -30], "size": [14, 14, 15], "uv": [0, 38]}
        ]
      },
      {
        "name": "tail0",
        "pivot": [0, 0, 0],
        "rotation": [-65, 0, 0],
        "cubes": [
          {"origin": [-1, 28, -27], "size": [2, 2, 9], "uv": [44, 109]}
        ]
      },
      {
        "name": "tail1",
        "pivot": [0, 0, 0],
        "rotation": [-80, 0, 0],
        "cubes": [
          {"origin": [-2, 21, -25], "size": [4, 4, 4], "uv": [16, 125]},
          {"origin": [-2, 21.5, -21], "size": [4, 3, 1], "uv": [0, 135]},
          {"origin": [-2, 21.5, -26], "size": [4, 3, 1], "uv": [18, 135]}
        ]
      },
      {
        "name": "tusk0",
        "pivot": [0, 0, 0],
        "rotation": [-30, 0, 0],
        "cubes": [
          {"origin": [3.1, 9, -38], "size": [4, 5, 4], "uv": [82, 109]},
          {"origin": [-7.1, 9, -38], "size": [4, 5, 4], "uv": [0, 125]},
          {"origin": [3.6, 2, -37.5], "size": [3, 7, 3], "uv": [44, 125]},
          {"origin": [-6.6, 2, -37.5], "size": [3, 7, 3], "uv": [32, 125]}
        ]
      },
      {
        "name": "tusk1",
        "pivot": [0, 0, 0],
        "rotation": [-75, 0, 0],
        "cubes": [
          {"origin": [3.6, -29, -29], "size": [3, 6, 3], "uv": [80, 125]},
          {"origin": [-6.6, -29, -29], "size": [3, 6, 3], "uv": [56, 125]}
        ]
      },
      {
        "name": "trunk0",
        "pivot": [0, 28, -33],
        "rotation": [-20, 0, 0],
        "cubes": [
          {"origin": [-3, 27, -32], "size": [6, 7, 6], "uv": [0, 109]}
        ]
      },
      {
        "name": "trunk1",
        "pivot": [0, 28, -33],
        "rotation": [5, 0, 0],
        "cubes": [
          {"origin": [-2.5, 16, -32.25], "size": [5, 11, 5], "uv": [24, 109]}
        ]
      },
      {
        "name": "trunk2",
        "pivot": [0, 28, -33],
        "rotation": [15, 0, 0],
        "cubes": [
          {"origin": [-2, 8, -34], "size": [4, 8, 4], "uv": [66, 109]}
        ]
      },
      {
        "name": "trunk3",
        "pivot": [0, 28, -33],
        "rotation": [65, 0, 0],
        "cubes": [
          {"origin": [-1.5, 10, -48.75], "size": [3, 6, 3], "uv": [68, 125]}
        ]
      },
      {
        "name": "trunk4",
        "pivot": [0, 28, -33],
        "rotation": [95, 0, 0],
        "cubes": [
          {"origin": [-1, 16.5, -55.4], "size": [2, 4, 2], "uv": [10, 135]}
        ]
      },
      {
        "name": "ear0",
        "pivot": [0, 0, 0],
        "rotation": [15, 35, 0],
        "cubes": [
          {"origin": [18, 30, -6], "size": [1, 14, 9], "uv": [76, 86]}
        ]
      },
      {
        "name": "ear1",
        "pivot": [0, 0, 0],
        "rotation": [15, -35, 0],
        "cubes": [
          {"origin": [-19, 30, -6], "size": [1, 14, 9], "uv": [56, 86]}
        ]
      }
    ]
  }
}