{
  "geometry.fishleon": {
    "texturewidth": 256,
    "textureheight": 256,
    "visible_bounds_width": 5,
    "visible_bounds_height": 2,
    "visible_bounds_offset": [0, 1, 0],
    "bones": [
      {
        "name": "head",
        "pivot": [0, 0, 0],
        "rotation": [25, 0, 0],
        "cubes": [
          {"origin": [-3, 8, 0], "size": [7, 5, 9], "uv": [0, 0]}
        ]
      },
      {
        "name": "body1",
        "pivot": [2, 6, -4],
        "cubes": [
          {"origin": [-3, 6, -3], "size": [7, 1, 8], "uv": [0, 14]},
          {"origin": [-3, 6, 5], "size": [7, 10, 14], "uv": [0, 23]},
          {"origin": [-3, 10.5, 3], "size": [7, 5, 2], "uv": [0, 47]},
          {"origin": [-2, 7, 19], "size": [5, 8, 5], "uv": [0, 54]},
          {"origin": [-1, 8, 24], "size": [3, 6, 5], "uv": [0, 67]},
          {"origin": [0.5, 3, 29], "size": [0, 14, 9], "uv": [0, 81]},
          {"origin": [0.5, 14, 9], "size": [0, 11, 15], "uv": [0, 104]},
          {"origin": [0.5, -3, 8], "size": [0, 10, 15], "uv": [0, 132]},
          {"origin": [-3, 7, -3], "size": [7, 4, 8], "uv": [0, 161]},
          {"origin": [3, 12, -3], "size": [2, 4, 4], "uv": [0, 181]},
          {"origin": [-4, 12, -3], "size": [2, 4, 4], "uv": [0, 173]}
        ]
      },
      {
        "name": "body2",
        "pivot": [0, 0, 0],
        "rotation": [-20, -30, 0],
        "cubes": [
          {"origin": [7, 9, 0], "size": [12, 8, 0], "uv": [0, 202]}
        ]
      },
      {
        "name": "body4",
        "pivot": [0, 0, 0],
        "rotation": [-20, 30, 0],
        "cubes": [
          {"origin": [-17, 9, 0], "size": [12, 8, 0], "uv": [0, 192]}
        ]
      },
      {
        "name": "body5",
        "pivot": [0, 0, 0],
        "rotation": [20, 30, 0],
        "cubes": [
          {"origin": [-17, 3, 6], "size": [13, 4, 0], "uv": [0, 222]}
        ]
      },
      {
        "name": "body6",
        "pivot": [0, 0, 0],
        "rotation": [20, -30, 0],
        "cubes": [
          {"origin": [6, 3, 6], "size": [13, 4, 0], "uv": [0, 216]}
        ]
      },
      {
        "name": "bodyfinal",
        "pivot": [2, 6, -4],
        "cubes": [
          {"origin": [0, 15, 0], "size": [0, 0, 0], "uv": [0, 0]}
        ]
      }
    ]
  }
}