{
  "geometry.irongolem": {
    "visible_bounds_width": 3,
    "visible_bounds_height": 3,
    "visible_bounds_offset": [ 0, 1.5, 0 ],
    "texturewidth": 128,
    "textureheight": 128,

    "bones": [
      {
        "name": "body",
        "pivot": [ 0.0, 31.0, 0.0 ],
        "cubes": [
          {
            "origin": [ -9.0, 21.0, -6.0 ],
            "size": [ 18, 12, 11 ],
            "uv": [ 0, 40 ]
          },
          {
            "origin": [ -4.5, 16.0, -3.0 ],
            "size": [ 9, 5, 6 ],
            "uv": [ 0, 70 ],
            "inflate": 0.5
          }
        ]
      },
      {
        "name": "head",
        "parent": "body",
        "pivot": [ 0.0, 31.0, -2.0 ],
        "locators": {
          "lead": [ 0.0, 31.0, -2.0 ]
        },
        "cubes": [
          {
            "origin": [ -4.0, 33.0, -7.5 ],
            "size": [ 8, 10, 8 ],
            "uv": [ 0, 0 ]
          },
          {
            "origin": [ -1.0, 32.0, -9.5 ],
            "size": [ 2, 4, 2 ],
            "uv": [ 24, 0 ]
          }
        ]
      },
      {
        "name": "arm0",
        "parent": "body",
        "pivot": [ 0.0, 31.0, 0.0 ],
        "cubes": [
          {
            "origin": [ -13.0, 3.5, -3.0 ],
            "size": [ 4, 30, 6 ],
            "uv": [ 60, 21 ]
          }
        ]
      },
      {
        "name": "arm1",
        "parent": "body",
        "pivot": [ 0.0, 31.0, 0.0 ],
        "cubes": [
          {
            "origin": [ 9.0, 3.5, -3.0 ],
            "size": [ 4, 30, 6 ],
            "uv": [ 60, 58 ]
          }
        ]
      },
      {
        "name": "leg0",
        "parent": "body",
        "pivot": [ -4.0, 13.0, 0.0 ],
        "cubes": [
          {
            "origin": [ -7.5, 0.0, -3.0 ],
            "size": [ 6, 16, 5 ],
            "uv": [ 37, 0 ]
          }
        ]
      },
      {
        "name": "leg1",
        "parent": "body",
        "mirror": true,
        "pivot": [ 5.0, 13.0, 0.0 ],
        "cubes": [
          {
            "origin": [ 1.5, 0.0, -3.0 ],
            "size": [ 6, 16, 5 ],
            "uv": [ 60, 0 ]
          }
        ]
      }
    ]
  }
}