{
	"format_version": "1.12.0",
	"minecraft:geometry": [
		{
			"description": {
				"identifier": "geometry.lampeo",
				"texture_width": 128,
				"texture_height": 128,
				"visible_bounds_width": 9,
				"visible_bounds_height": 3.5,
				"visible_bounds_offset": [0, 1.25, 0]
			},
			"bones": [
				{
					"name": "Body",
					"pivot": [0, 18, 0],
					"cubes": [
						{"origin": [-7, 10, 0], "size": [14, 16, 12], "uv": [0, 36]}
					]
				},
				{
					"name": "Sail",
					"parent": "Body",
					"pivot": [0, 25, 0],
					"cubes": [
						{"origin": [0, 25, -12], "size": [0, 12, 24], "uv": [0, 0]}
					]
				},
				{
					"name": "Neck",
					"parent": "Body",
					"pivot": [0, 13, -11],
					"cubes": [
						{"origin": [-2, 12, -31], "size": [4, 4, 19], "pivot": [0, 12, -12], "rotation": [-55, 0, 0], "uv": [0, 0]}
					]
				},
				{
					"name": "Head",
					"parent": "Neck",
					"pivot": [0, 29, -19],
					"cubes": [
						{"origin": [-2, 26, -26], "size": [4, 5, 7], "uv": [27, 0]},
						{"origin": [-3, 26, -23], "size": [1, 4, 4], "uv": [49, 0]},
						{"origin": [2, 26, -23], "size": [1, 4, 4], "uv": [40, 40]},
						{"origin": [-0.5, 28, -29], "size": [1, 4, 6], "pivot": [0, 31, -22], "rotation": [-45, 0, 0], "uv": [42, 30]},
						{"origin": [-0.5, 31, -24], "size": [1, 1, 5], "pivot": [0, 31, -22], "rotation": [20, 0, 0], "uv": [36, 13]},
						{"origin": [-1, 27, -30], "size": [2, 3, 4], "uv": [0, 36]},
						{"origin": [-1, 27, -31], "size": [2, 1, 1], "uv": [12, 0]}
					]
				},
				{
					"name": "Jaw",
					"parent": "Head",
					"pivot": [0, 27, -26],
					"cubes": [
						{"origin": [-1, 26, -31], "size": [2, 1, 5], "uv": [27, 12]}
					]
				},
				{
					"name": "Chest",
					"parent": "Body",
					"pivot": [0, 17, -6],
					"cubes": [
						{"origin": [-6, 10, -12], "size": [12, 16, 12], "uv": [48, 0]}
					]
				},
				{
					"name": "Tail",
					"parent": "Body",
					"pivot": [0, 20, 12],
					"cubes": [
						{"origin": [-3, 14, 12], "size": [6, 11, 12], "uv": [52, 28]}
					]
				},
				{
					"name": "bone",
					"parent": "Tail",
					"pivot": [0, 20, 24],
					"cubes": [
						{"origin": [-2, 16, 24], "size": [4, 8, 10], "uv": [59, 59]}
					]
				},
				{
					"name": "bone2",
					"parent": "bone",
					"pivot": [0, 20, 34],
					"cubes": [
						{"origin": [-1, 17, 34], "size": [2, 6, 10], "uv": [0, 64]}
					]
				},
				{
					"name": "bone3",
					"parent": "bone2",
					"pivot": [0, 21, 44],
					"cubes": [
						{"origin": [-0.5, 19, 44], "size": [1, 3, 15], "uv": [37, 51]}
					]
				},
				{
					"name": "Rarm",
					"parent": "Body",
					"pivot": [-3, 10, -8],
					"cubes": [
						{"origin": [-4.5, 0, -9.5], "size": [3, 10, 3], "uv": [40, 69]}
					]
				},
				{
					"name": "Larm",
					"parent": "Body",
					"pivot": [3, 10, -8],
					"cubes": [
						{"origin": [1.5, 0, -9.5], "size": [3, 10, 3], "uv": [54, 51]}
					]
				},
				{
					"name": "Rleg",
					"parent": "Body",
					"pivot": [-4, 10, 7],
					"cubes": [
						{"origin": [-6, 0, 5], "size": [4, 10, 4], "uv": [24, 65]}
					]
				},
				{
					"name": "Lleg",
					"parent": "Body",
					"pivot": [4, 10, 7],
					"cubes": [
						{"origin": [2, 0, 5], "size": [4, 10, 4], "uv": [0, 0]}
					]
				}
			]
		}
	]
}