{
  "geometry.lion": {
    "texturewidth": 96,
    "textureheight": 96,
    "visible_bounds_width": 3,
    "visible_bounds_height": 2,
    "visible_bounds_offset": [0, 1, 0],
    "bones": [
      {
        "name": "body",
        "pivot": [0, 0, 0],
        "rotation": [-90, 0, 0],
        "mirror": true
      },
      {
        "name": "body2",
        "parent": "body",
        "pivot": [0, 0, 0],
        "mirror": true,
        "cubes": [
          {"origin": [-1, 6, 10], "size": [2, 2, 1], "uv": [8, 34], "mirror": false},
          {"origin": [-1, 6, 8], "size": [2, 2, 2], "uv": [22, 34], "mirror": false},
          {"origin": [-1, 7, 7], "size": [2, 2, 2], "uv": [14, 34], "mirror": false},
          {"origin": [-5, 6, -8], "size": [10, 8, 15], "uv": [0, 0]}
        ]
      },
      {
        "name": "skull",
        "pivot": [0, 20, -8],
        "mirror": true,
        "cubes": [
          {"origin": [-3, 9, -9], "size": [6, 2, 2], "uv": [32, 39]},
          {"origin": [-5.5, 9.5, -11], "size": [11, 11, 5], "uv": [52, 23]},
          {"origin": [-4, 11, -12], "size": [8, 8, 7], "uv": [54, 0]},
          {"origin": [-2, 12, -14], "size": [4, 4, 2], "uv": [54, 15]}
        ]
      },
      {
        "name": "leg0",
        "pivot": [4, 7, 7],
        "mirror": true,
        "cubes": [
          {"origin": [3, 0, 5], "size": [2, 1, 3], "uv": [24, 23]},
          {"origin": [3, 4, 5], "size": [2, 3, 2], "uv": [30, 29]},
          {"origin": [3, 1, 6], "size": [2, 3, 2], "uv": [84, 0]}
        ]
      },
      {
        "name": "leg1",
        "pivot": [-4, 7, 7],
        "mirror": true,
        "cubes": [
          {"origin": [-5, 0, 5], "size": [2, 1, 3], "uv": [20, 29]},
          {"origin": [-5, 4, 5], "size": [2, 3, 2], "uv": [0, 34]},
          {"origin": [-5, 1, 6], "size": [2, 3, 2], "uv": [0, 23]}
        ]
      },
      {
        "name": "leg2",
        "pivot": [4, 7, -6],
        "mirror": true,
        "cubes": [
          {"origin": [3, 0, -7.5], "size": [2, 1, 3], "uv": [0, 29]},
          {"origin": [2, 4, -7.5], "size": [4, 5, 4], "uv": [35, 15]},
          {"origin": [3, 1, -6.5], "size": [2, 4, 2], "uv": [8, 23]}
        ]
      },
      {
        "name": "leg3",
        "pivot": [-4, 7, -6],
        "mirror": true,
        "cubes": [
          {"origin": [-5, 0, -7.5], "size": [2, 1, 3], "uv": [10, 29]},
          {"origin": [-6, 4, -7.5], "size": [4, 5, 4], "uv": [35, 15]},
          {"origin": [-5, 1, -6.5], "size": [2, 4, 2], "uv": [16, 23]}
        ]
      }
    ]
  }
}