{
  "format_version": "1.10.0",
  "geometry.horse.v2": {
    "visible_bounds_width": 2,
    "visible_bounds_height": 3,
    "visible_bounds_offset": [ 0, 1, 0 ],
    "bones": [
      {
        "pivot": [
          0.0,
          13.0,
          9.0
        ],
        "rotation": [
          0.0,
          0.0,
          0.0
        ],
        "cubes": [
          {
            "origin": [
              -5.0,
              11.0,
              -11.0
            ],
            "size": [
              10.0,
              10.0,
              22.0
            ],
            "uv": [
              0.0,
              32.0
            ]
          }
        ],
        "name": "Body"
      },
      {
        "pivot": [
          0.0,
          20.0,
          11.0
        ],
        "rotation": [
          30.0,
          0.0,
          0.0
        ],
        "cubes": [
          {
            "origin": [
              -1.5,
              6.0,
              9.0
            ],
            "size": [
              3.0,
              14.0,
              4.0
            ],
            "uv": [
              42.0,
              36.0
            ]
          }
        ],
        "name": "TailA"
      },
      {
        "pivot": [
          3.0,
          11.0,
          9.0
        ],
        "rotation": [
          0.0,
          0.0,
          0.0
        ],
        "cubes": [
          {
            "origin": [
              1.0,
              0.0,
              7.0
            ],
            "size": [
              4.0,
              11.0,
              4.0
            ],
            "uv": [
              48.0,
              21.0
            ],
            "mirror": true
          }
        ],
        "name": "Leg1A"
      },
      {
        "pivot": [
          -3.0,
          11.0,
          9.0
        ],
        "rotation": [
          0.0,
          0.0,
          0.0
        ],
        "cubes": [
          {
            "origin": [
              -5.0,
              0.0,
              7.0
            ],
            "size": [
              4.0,
              11.0,
              4.0
            ],
            "uv": [
              48.0,
              21.0
            ]
          }
        ],
        "name": "Leg2A"
      },
      {
        "pivot": [
          3.0,
          11.0,
          -9.0
        ],
        "rotation": [
          0.0,
          0.0,
          0.0
        ],
        "cubes": [
          {
            "origin": [
              1.0,
              0.0,
              -11.0
            ],
            "size": [
              4.0,
              11.0,
              4.0
            ],
            "uv": [
              48.0,
              21.0
            ],
            "mirror": true
          }
        ],
        "name": "Leg3A"
      },
      {
        "pivot": [
          -3.0,
          11.0,
          -9.0
        ],
        "rotation": [
          0.0,
          0.0,
          0.0
        ],
        "cubes": [
          {
            "origin": [
              -5.0,
              0.0,
              -11.0
            ],
            "size": [
              4.0,
              11.0,
              4.0
            ],
            "uv": [
              48.0,
              21.0
            ]
          }
        ],
        "name": "Leg4A"
      },
      {
        "pivot": [
          0.0,
          28.0,
          -11.0
        ],
        "rotation": [
          30.0,
          0.0,
          0.0
        ],
        "cubes": [
          {
            "origin": [
              -3.0,
              28.0,
              -11.0
            ],
            "size": [
              6.0,
              5.0,
              7.0
            ],
            "uv": [
              0.0,
              13.0
            ]
          }
        ],
        "name": "Head"
      },
      {
        "pivot": [
          0.0,
          28.0,
          -11.0
        ],
        "rotation": [
          30.0,
          0.0,
          0.0
        ],
        "cubes": [
          {
            "origin": [
              -2.0,
              28.0,
              -16.0
            ],
            "size": [
              4.0,
              5.0,
              5.0
            ],
            "uv": [
              0.0,
              25.0
            ]
          }
        ],
        "name": "UMouth"
      },
      {
        "pivot": [
          0.0,
          17.0,
          -8.0
        ],
        "rotation": [
          30.0,
          0.0,
          5.0
        ],
        "cubes": [
          {
            "origin": [
              -0.5,
              32.0,
              -5.01
            ],
            "size": [
              2.0,
              3.0,
              1.0
            ],
            "uv": [
              19.0,
              16.0
            ],
            "mirror": true
          }
        ],
        "name": "Ear1"
      },
      {
        "pivot": [
          0.0,
          17.0,
          -8.0
        ],
        "rotation": [
          30.0,
          0.0,
          -5.0
        ],
        "cubes": [
          {
            "origin": [
              -1.5,
              32.0,
              -5.01
            ],
            "size": [
              2.0,
              3.0,
              1.0
            ],
            "uv": [
              19.0,
              16.0
            ]
          }
        ],
        "name": "Ear2"
      },
      {
        "pivot": [
          0.0,
          17.0,
          -8.0
        ],
        "rotation": [
          30.0,
          0.0,
          15.0
        ],
        "cubes": [
          {
            "origin": [
              -3.0,
              32.0,
              -5.01
            ],
            "size": [
              2.0,
              7.0,
              1.0
            ],
            "uv": [
              0.0,
              12.0
            ],
            "mirror": true
          }
        ],
        "name": "MuleEarL"
      },
      {
        "pivot": [
          0.0,
          17.0,
          -8.0
        ],
        "rotation": [
          30.0,
          0.0,
          -15.0
        ],
        "cubes": [
          {
            "origin": [
              1.0,
              32.0,
              -5.01
            ],
            "size": [
              2.0,
              7.0,
              1.0
            ],
            "uv": [
              0.0,
              12.0
            ]
          }
        ],
        "name": "MuleEarR"
      },
      {
        "pivot": [
          0.0,
          17.0,
          -8.0
        ],
        "rotation": [
          30.0,
          0.0,
          0.0
        ],
        "cubes": [
          {
            "origin": [
              -2.0,
              16.0,
              -11.0
            ],
            "size": [
              4.0,
              12.0,
              7.0
            ],
            "uv": [
              0.0,
              35.0
            ]
          }
        ],
        "name": "Neck"
      },
      {
        "pivot": [
          -5.0,
          21.0,
          11.0
        ],
        "rotation": [
          0.0,
          -90.0,
          0.0
        ],
        "cubes": [
          {
            "origin": [
              -14.0,
              13.0,
              11.0
            ],
            "size": [
              8.0,
              8.0,
              3.0
            ],
            "uv": [
              26.0,
              21.0
            ]
          }
        ],
        "name": "Bag1"
      },
      {
        "pivot": [
          5.0,
          21.0,
          11.0
        ],
        "rotation": [
          0.0,
          90.0,
          0.0
        ],
        "cubes": [
          {
            "origin": [
              6.0,
              13.0,
              11.0
            ],
            "size": [
              8.0,
              8.0,
              3.0
            ],
            "uv": [
              26.0,
              21.0
            ],
            "mirror": true
          }
        ],
        "name": "Bag2"
      },
      {
        "pivot": [
          0.0,
          22.0,
          2.0
        ],
        "rotation": [
          0.0,
          0.0,
          0.0
        ],
        "cubes": [
          {
            "origin": [
              -5.0,
              12.0,
              -3.5
            ],
            "size": [
              10.0,
              9.0,
              9.0
            ],
            "uv": [
              26.0,
              0.0
            ],
            "inflate": 0.5
          }
        ],
        "name": "Saddle"
      },
      {
        "pivot": [
          0.0,
          17.0,
          -8.0
        ],
        "rotation": [
          30.0,
          0.0,
          0.0
        ],
        "cubes": [
          {
            "origin": [
              2.0,
              29.0,
              -14.0
            ],
            "size": [
              1.0,
              2.0,
              2.0
            ],
            "uv": [
              29.0,
              5.0
            ]
          }
        ],
        "name": "SaddleMouthL"
      },
      {
        "pivot": [
          0.0,
          17.0,
          -8.0
        ],
        "rotation": [
          30.0,
          0.0,
          0.0
        ],
        "cubes": [
          {
            "origin": [
              -3.0,
              29.0,
              -14.0
            ],
            "size": [
              1.0,
              2.0,
              2.0
            ],
            "uv": [
              29.0,
              5.0
            ]
          }
        ],
        "name": "SaddleMouthR"
      },
      {
        "pivot": [
          0.0,
          17.0,
          -8.0
        ],
        "rotation": [
          0.0,
          0.0,
          0.0
        ],
        "cubes": [
          {
            "origin": [
              3.1,
              24.0,
              -19.5
            ],
            "size": [
              0.0,
              3.0,
              16.0
            ],
            "uv": [
              32.0,
              2.0
            ]
          }
        ],
        "name": "SaddleMouthLine"
      },
      {
        "pivot": [
          0.0,
          17.0,
          -8.0
        ],
        "rotation": [
          0.0,
          0.0,
          0.0
        ],
        "cubes": [
          {
            "origin": [
              -3.1,
              24.0,
              -19.5
            ],
            "size": [
              0.0,
              3.0,
              16.0
            ],
            "uv": [
              32.0,
              2.0
            ]
          }
        ],
        "name": "SaddleMouthLineR"
      },
      {
        "pivot": [
          0.0,
          17.0,
          -8.0
        ],
        "rotation": [
          30.0,
          0.0,
          0.0
        ],
        "cubes": [
          {
            "origin": [
              -1.0,
              17.0,
              -4.0
            ],
            "size": [
              2.0,
              16.0,
              2.0
            ],
            "uv": [
              56.0,
              36.0
            ]
          }
        ],
        "name": "Mane"
      },
      {
        "pivot": [
          0.0,
          17.0,
          -8.0
        ],
        "rotation": [
          30.0,
          0.0,
          0.0
        ],
        "cubes": [
          {
            "origin": [
              -2.0,
              28.0,
              -13.0
            ],
            "size": [
              4.0,
              5.0,
              2.0
            ],
            "uv": [
              19.0,
              0.0
            ],
            "inflate": 0.25
          },
          {
            "origin": [
              -3.0,
              28.0,
              -11.0
            ],
            "size": [
              6.0,
              5.0,
              7.0
            ],
            "uv": [
              0.0,
              0.0
            ],
            "inflate": 0.25
          }
        ],
        "name": "HeadSaddle"
      }
    ],
    "texturewidth": 64,
    "textureheight": 64
  }
}
