{
  "geometry.octopus": {
    "texturewidth": 128,
    "textureheight": 128,
    "visible_bounds_width": 3,
    "visible_bounds_height": 2,
    "visible_bounds_offset": [0, 1, 0],
    "bones": [
      {
        "name": "body",
        "pivot": [0, 5, 8],
        "rotation": [-20, 0, 0],
        "cubes": [
          {"origin": [8.5, 18, -4], "size": [3, 4, 4], "uv": [0, 52]},
          {"origin": [1.5, 18, -4], "size": [3, 4, 4], "uv": [0, 44]},
          {"origin": [9, 0, 5], "size": [2, 11, 2], "uv": [0, 78]},
          {"origin": [6, 0, 5], "size": [2, 11, 2], "uv": [0, 78]},
          {"origin": [3, 0, 5], "size": [2, 11, 2], "uv": [0, 78]},
          {"origin": [0, 0, 5], "size": [2, 11, 2], "uv": [0, 78]},
          {"origin": [9, 0, 2], "size": [2, 11, 2], "uv": [11, 78]},
          {"origin": [9, 0, -1], "size": [2, 11, 2], "uv": [11, 78]},
          {"origin": [0, 0, 2], "size": [2, 11, 2], "uv": [11, 64]},
          {"origin": [0, 0, -1], "size": [2, 11, 2], "uv": [11, 64]},
          {"origin": [9, 0, -4], "size": [2, 11, 2], "uv": [0, 64]},
          {"origin": [6, 0, -4], "size": [2, 11, 2], "uv": [0, 64]},
          {"origin": [3, 0, -4], "size": [2, 11, 2], "uv": [0, 64]},
          {"origin": [0, 0, -4], "size": [2, 11, 2], "uv": [0, 64]},
          {"origin": [0, 11, -4], "size": [11, 2, 11], "uv": [0, 92]},
          {"origin": [2.5, 15, 0], "size": [7, 5, 6], "uv": [0, 26]},
          {"origin": [2.5, 13, -3], "size": [7, 7, 6], "uv": [0, 26]},
          {"origin": [0, 18, 0], "size": [11, 11, 11], "uv": [0, 0]}
        ]
      },
      {
        "name": "leg3",
        "pivot": [2, 6, -4],
        "cubes": [
          {"origin": [0, 0, -6], "size": [0, 0, 0], "uv": [0, 16]}
        ]
      }
    ]
  }
}