{
  "geometry.penguin": {
    "texturewidth": 48,
    "textureheight": 48,
    "visible_bounds_width": 0.45235,
    "visible_bounds_height": 0.90069,
    "visible_bounds_offset": [0, 0.45034, 0],
    "bones": [
      {
        "name": "head",
        "pivot": [0, 12, 0.5],
        "mirror": true,
        "cubes": [
          {"origin": [-0.5, 12.5, -2.5], "size": [1, 2, 1], "uv": [20, 29]},
          {"origin": [-2, 12, -1.5], "size": [4, 4, 4], "uv": [12, 16]}
        ]
      },
      {
        "name": "body",
        "pivot": [0, 8, 0],
        "mirror": true,
        "cubes": [
          {"origin": [-3, 1, -2], "size": [6, 11, 5], "uv": [0, 0]}
        ]
      },
      {
        "name": "leg0",
        "pivot": [2, 1, -0.5],
        "mirror": true,
        "cubes": [
          {"origin": [1, 0, -2.5], "size": [2, 1, 3], "uv": [0, 29]}
        ]
      },
      {
        "name": "leg1",
        "pivot": [-2, 1, -0.5],
        "mirror": true,
        "cubes": [
          {"origin": [-3, 0, -2.5], "size": [2, 1, 3], "uv": [10, 29]}
        ]
      },
      {
        "name": "fin0",
        "pivot": [3, 10, 0.5],
        "mirror": true,
        "cubes": [
          {"origin": [3, 3, -1], "size": [1, 8, 3], "uv": [24, 2]}
        ]
      },
      {
        "name": "fin1",
        "pivot": [-3, 10, 0.5],
        "mirror": true,
        "cubes": [
          {"origin": [-4, 3, -1], "size": [1, 8, 3], "uv": [2, 18]}
        ]
      }
    ]
  }
}