{
  "format_version": "1.8.0",
  "geometry.piano": {
    "texturewidth": 128,
    "textureheight": 128,
    "bones": [
      {
        "name": "body",
        "pivot": [0, 24, 0],
        "cubes": [
          {"origin": [-19, 12, 0], "size": [38, 8, 5], "uv": [0, 0]},
          {"origin": [-19, 17, 5], "size": [38, 1, 27], "uv": [0, 83]},
          {"origin": [17, 20, 9], "size": [1, 4, 1], "uv": [0, 0]},
          {"origin": [16, 24, 9], "size": [1, 4, 1], "uv": [0, 0]},
          {"origin": [15, 28, 9], "size": [1, 4, 1], "uv": [0, 0]},
          {"origin": [14, 32, 9], "size": [1, 4, 1], "uv": [0, 0]},
          {"origin": [-19, 20, 5], "size": [1, 1, 27], "uv": [0, 0]},
          {"origin": [-18, 20, 5], "size": [1, 1, 27], "uv": [6, 0]},
          {"origin": [-17, 21, 5], "size": [1, 1, 27], "uv": [3, 0]},
          {"origin": [-16, 21, 5], "size": [1, 1, 27], "uv": [8, 0]},
          {"origin": [-15, 22, 5], "size": [1, 1, 27], "uv": [4, 0]},
          {"origin": [-14, 22, 5], "size": [1, 1, 27], "uv": [7, 0]},
          {"origin": [-13, 23, 5], "size": [1, 1, 27], "uv": [3, 0]},
          {"origin": [-12, 23, 5], "size": [1, 1, 27], "uv": [1, 0]},
          {"origin": [-11, 24, 5], "size": [1, 1, 27], "uv": [4, 0]},
          {"origin": [-10, 24, 5], "size": [1, 1, 27], "uv": [1, 0]},
          {"origin": [-9, 25, 5], "size": [1, 1, 27], "uv": [0, 0]},
          {"origin": [-8, 25, 5], "size": [1, 1, 27], "uv": [8, 0]},
          {"origin": [-7, 26, 5], "size": [1, 1, 27], "uv": [3, 0]},
          {"origin": [-6, 26, 5], "size": [1, 1, 27], "uv": [1, 0]},
          {"origin": [-5, 27, 5], "size": [1, 1, 27], "uv": [6, 0]},
          {"origin": [-4, 27, 5], "size": [1, 1, 26], "uv": [0, 0]},
          {"origin": [-3, 28, 5], "size": [1, 1, 26], "uv": [5, 0]},
          {"origin": [-2, 28, 5], "size": [1, 1, 26], "uv": [8, 0]},
          {"origin": [-1, 29, 5], "size": [1, 1, 25], "uv": [0, 0]},
          {"origin": [0, 29, 5], "size": [1, 1, 25], "uv": [3, 0]},
          {"origin": [1, 30, 5], "size": [1, 1, 24], "uv": [6, 0]},
          {"origin": [2, 30, 5], "size": [1, 1, 23], "uv": [4, 0]},
          {"origin": [3, 31, 5], "size": [1, 1, 22], "uv": [0, 0]},
          {"origin": [4, 31, 5], "size": [1, 1, 20], "uv": [0, 0]},
          {"origin": [5, 32, 5], "size": [1, 1, 15], "uv": [0, 0]},
          {"origin": [6, 32, 5], "size": [1, 1, 14], "uv": [0, 0]},
          {"origin": [7, 33, 5], "size": [1, 1, 13], "uv": [0, 0]},
          {"origin": [8, 33, 5], "size": [1, 1, 13], "uv": [0, 0]},
          {"origin": [9, 34, 5], "size": [1, 1, 12], "uv": [0, 0]},
          {"origin": [10, 34, 5], "size": [1, 1, 12], "uv": [0, 0]},
          {"origin": [11, 35, 5], "size": [1, 1, 11], "uv": [0, 0]},
          {"origin": [12, 35, 5], "size": [1, 1, 10], "uv": [0, 0]},
          {"origin": [13, 36, 5], "size": [1, 1, 9], "uv": [0, 0]},
          {"origin": [14, 36, 5], "size": [1, 1, 7], "uv": [0, 0]},
          {"origin": [-18, 0, -5], "size": [4, 12, 4], "uv": [0, 0]},
          {"origin": [14, 0, -5], "size": [4, 12, 4], "uv": [0, 0]},
          {"origin": [-10, 0, 20], "size": [4, 12, 4], "uv": [0, 0]},
          {"origin": [-18, 7, -5], "size": [4, 5, 4], "uv": [0, 0], "inflate": 0.3},
          {"origin": [14, 7, -5], "size": [4, 5, 4], "uv": [0, 0], "inflate": 0.3},
          {"origin": [-10, 7, 20], "size": [4, 5, 4], "uv": [0, 0], "inflate": 0.3},
          {"origin": [-5, 0, -5], "size": [10, 3, 4], "uv": [0, 0]},
          {"origin": [-4, 3, -4], "size": [2, 9, 2], "uv": [0, 0]},
          {"origin": [2, 3, -4], "size": [2, 9, 2], "uv": [0, 0]},
          {"origin": [-4, 0, -8], "size": [2, 1, 3], "uv": [96, 0]},
          {"origin": [-1, 0, -8], "size": [2, 1, 3], "uv": [96, 0]},
          {"origin": [2, 0, -8], "size": [2, 1, 3], "uv": [96, 0]},
          {"origin": [-17, 15, -5], "size": [34, 1, 5], "uv": [0, 122]},
          {"origin": [-19, 12, -6], "size": [38, 3, 6], "uv": [0, 0]},
          {"origin": [-19, 15, -5], "size": [2, 1, 5], "uv": [0, 0]},
          {"origin": [-19, 16, -2], "size": [2, 1, 2], "uv": [0, 0]},
          {"origin": [-19, 17, -1], "size": [2, 1, 1], "uv": [0, 0]},
          {"origin": [17, 15, -5], "size": [2, 1, 5], "uv": [0, 0]},
          {"origin": [17, 16, -2], "size": [2, 1, 2], "uv": [0, 0]},
          {"origin": [17, 17, -1], "size": [2, 1, 1], "uv": [0, 0]},
          {"origin": [-19, 12, 5], "size": [1, 4, 27], "uv": [0, 0]},
          {"origin": [-18, 12, 5], "size": [1, 4, 27], "uv": [6, 0]},
          {"origin": [-17, 12, 5], "size": [1, 4, 27], "uv": [3, 0]},
          {"origin": [-16, 12, 5], "size": [1, 4, 27], "uv": [8, 0]},
          {"origin": [-15, 12, 5], "size": [1, 4, 27], "uv": [4, 0]},
          {"origin": [-14, 12, 5], "size": [1, 4, 27], "uv": [7, 0]},
          {"origin": [-13, 12, 5], "size": [1, 4, 27], "uv": [3, 0]},
          {"origin": [-12, 12, 5], "size": [1, 4, 27], "uv": [1, 0]},
          {"origin": [-11, 12, 5], "size": [1, 4, 27], "uv": [4, 0]},
          {"origin": [-10, 12, 5], "size": [1, 4, 27], "uv": [1, 0]},
          {"origin": [-9, 12, 5], "size": [1, 4, 27], "uv": [0, 0]},
          {"origin": [-8, 12, 5], "size": [1, 4, 27], "uv": [8, 0]},
          {"origin": [-7, 12, 5], "size": [1, 4, 27], "uv": [3, 0]},
          {"origin": [-6, 12, 5], "size": [1, 4, 27], "uv": [1, 0]},
          {"origin": [-5, 12, 5], "size": [1, 4, 27], "uv": [5, 0]},
          {"origin": [-4, 12, 5], "size": [1, 4, 27], "uv": [2, 0]},
          {"origin": [-3, 12, 5], "size": [1, 4, 27], "uv": [0, 0]},
          {"origin": [-2, 12, 5], "size": [1, 4, 27], "uv": [7, 0]},
          {"origin": [-1, 12, 5], "size": [1, 4, 27], "uv": [6, 0]},
          {"origin": [0, 12, 5], "size": [1, 4, 26], "uv": [0, 0]},
          {"origin": [1, 12, 5], "size": [1, 4, 26], "uv": [5, 0]},
          {"origin": [2, 12, 5], "size": [1, 4, 26], "uv": [8, 0]},
          {"origin": [3, 12, 5], "size": [1, 4, 25], "uv": [0, 0]},
          {"origin": [4, 12, 5], "size": [1, 4, 25], "uv": [3, 0]},
          {"origin": [5, 12, 5], "size": [1, 4, 24], "uv": [6, 0]},
          {"origin": [6, 12, 5], "size": [1, 4, 23], "uv": [4, 0]},
          {"origin": [7, 12, 5], "size": [1, 4, 22], "uv": [0, 0]},
          {"origin": [8, 12, 5], "size": [1, 4, 20], "uv": [0, 0]},
          {"origin": [9, 12, 5], "size": [1, 4, 15], "uv": [0, 0]},
          {"origin": [10, 12, 5], "size": [1, 4, 14], "uv": [0, 0]},
          {"origin": [11, 12, 5], "size": [1, 4, 13], "uv": [0, 0]},
          {"origin": [12, 12, 5], "size": [1, 4, 13], "uv": [0, 0]},
          {"origin": [13, 12, 5], "size": [1, 4, 12], "uv": [0, 0]},
          {"origin": [14, 12, 5], "size": [1, 4, 12], "uv": [0, 0]},
          {"origin": [15, 12, 5], "size": [1, 4, 11], "uv": [0, 0]},
          {"origin": [16, 12, 5], "size": [1, 4, 10], "uv": [0, 0]},
          {"origin": [17, 12, 5], "size": [1, 4, 9], "uv": [0, 0]},
          {"origin": [18, 12, 5], "size": [1, 4, 7], "uv": [0, 0]},
          {"origin": [-19, 16, 5], "size": [1, 4, 27], "uv": [0, 0]},
          {"origin": [-18, 16, 31], "size": [1, 4, 1], "uv": [6, 0]},
          {"origin": [-17, 16, 31], "size": [1, 4, 1], "uv": [3, 0]},
          {"origin": [-16, 16, 31], "size": [1, 4, 1], "uv": [8, 0]},
          {"origin": [-15, 16, 31], "size": [1, 4, 1], "uv": [4, 0]},
          {"origin": [-14, 16, 31], "size": [1, 4, 1], "uv": [7, 0]},
          {"origin": [-13, 16, 31], "size": [1, 4, 1], "uv": [3, 0]},
          {"origin": [-12, 16, 31], "size": [1, 4, 1], "uv": [1, 0]},
          {"origin": [-11, 16, 31], "size": [1, 4, 1], "uv": [4, 0]},
          {"origin": [-10, 16, 31], "size": [1, 4, 1], "uv": [1, 0]},
          {"origin": [-9, 16, 31], "size": [1, 4, 1], "uv": [0, 0]},
          {"origin": [-8, 16, 31], "size": [1, 4, 1], "uv": [8, 0]},
          {"origin": [-7, 16, 31], "size": [1, 4, 1], "uv": [3, 0]},
          {"origin": [-6, 16, 31], "size": [1, 4, 1], "uv": [1, 0]},
          {"origin": [-5, 16, 31], "size": [1, 4, 1], "uv": [5, 0]},
          {"origin": [-4, 16, 31], "size": [1, 4, 1], "uv": [2, 0]},
          {"origin": [-3, 16, 31], "size": [1, 4, 1], "uv": [0, 0]},
          {"origin": [-2, 16, 31], "size": [1, 4, 1], "uv": [7, 0]},
          {"origin": [-1, 16, 31], "size": [1, 4, 1], "uv": [6, 0]},
          {"origin": [0, 16, 30], "size": [1, 4, 1], "uv": [0, 0]},
          {"origin": [1, 16, 30], "size": [1, 4, 1], "uv": [5, 0]},
          {"origin": [2, 16, 30], "size": [1, 4, 1], "uv": [8, 0]},
          {"origin": [3, 16, 29], "size": [1, 4, 1], "uv": [0, 0]},
          {"origin": [4, 16, 29], "size": [1, 4, 1], "uv": [3, 0]},
          {"origin": [5, 16, 28], "size": [1, 4, 1], "uv": [6, 0]},
          {"origin": [6, 16, 27], "size": [1, 4, 1], "uv": [4, 0]},
          {"origin": [7, 16, 25], "size": [1, 4, 2], "uv": [0, 0]},
          {"origin": [8, 16, 20], "size": [1, 4, 5], "uv": [0, 0]},
          {"origin": [9, 16, 19], "size": [1, 4, 1], "uv": [0, 0]},
          {"origin": [10, 16, 18], "size": [1, 4, 1], "uv": [0, 0]},
          {"origin": [11, 16, 17], "size": [1, 4, 1], "uv": [0, 0]},
          {"origin": [12, 16, 17], "size": [1, 4, 1], "uv": [0, 0]},
          {"origin": [13, 16, 16], "size": [1, 4, 1], "uv": [0, 0]},
          {"origin": [14, 16, 16], "size": [1, 4, 1], "uv": [0, 0]},
          {"origin": [15, 16, 15], "size": [1, 4, 1], "uv": [0, 0]},
          {"origin": [16, 16, 14], "size": [1, 4, 1], "uv": [0, 0]},
          {"origin": [17, 16, 12], "size": [1, 4, 2], "uv": [0, 0]},
          {"origin": [18, 16, 5], "size": [1, 4, 7], "uv": [0, 0]}
        ]
      }
    ]
  }
}