{
  "geometry.shark": {
    "texturewidth": 256,
    "textureheight": 256,
    "visible_bounds_width": 21,
    "visible_bounds_height": 4,
    "visible_bounds_offset": [0, 2, 0],
    "bones": [
      {
        "name": "head",
        "pivot": [0, 0, 0],
        "cubes": [
          {"origin": [22, 2, 25], "size": [16, 2, 8], "uv": [0, 160]},
          {"origin": [-17, 2, 25], "size": [16, 2, 8], "uv": [0, 160]},
          {"origin": [11.5, 30, 20], "size": [2, 18, 8], "uv": [200, 0]},
          {"origin": [11.5, 30, 13], "size": [2, 15, 7], "uv": [200, 0]},
          {"origin": [11.5, 30, 8], "size": [2, 12, 5], "uv": [200, 0]},
          {"origin": [-1, 2, 0], "size": [23, 28, 65], "uv": [0, 108]},
          {"origin": [3, 4.5, -25], "size": [15, 8, 2], "uv": [0, 124]},
          {"origin": [1, 4, -23], "size": [19, 9, 10], "uv": [0, 98]},
          {"origin": [0, 3, -13], "size": [21, 11, 13], "uv": [0, 74]},
          {"origin": [3, 19.5, -37], "size": [15, 8, 2], "uv": [0, 63]},
          {"origin": [2, 19.5, -35], "size": [17, 8, 12], "uv": [0, 43]},
          {"origin": [1, 19, -23], "size": [19, 9, 10], "uv": [0, 24]},
          {"origin": [0, 18, -13], "size": [21, 11, 13], "uv": [0, 0]},
          {"origin": [18.5, 12, -22], "size": [1, 3, 1], "uv": [0, 0]},
          {"origin": [18.5, 12, -20], "size": [1, 3, 1], "uv": [0, 0]},
          {"origin": [18.5, 12, -18], "size": [1, 3, 1], "uv": [0, 0]},
          {"origin": [18.5, 12, -16], "size": [1, 3, 1], "uv": [0, 0]},
          {"origin": [18.5, 12, -14], "size": [1, 3, 1], "uv": [0, 0]},
          {"origin": [18.5, 13, -11], "size": [1, 2, 1], "uv": [0, 0]},
          {"origin": [18.5, 13, -9], "size": [1, 2, 1], "uv": [0, 0]},
          {"origin": [18.5, 13, -7], "size": [1, 2, 1], "uv": [0, 0]},
          {"origin": [18.5, 13, -5], "size": [1, 2, 1], "uv": [0, 0]},
          {"origin": [18.5, 13, -3], "size": [1, 2, 1], "uv": [0, 0]},
          {"origin": [0.5, 13, -3], "size": [1, 2, 1], "uv": [0, 0]},
          {"origin": [0.5, 13, -5], "size": [1, 2, 1], "uv": [0, 0]},
          {"origin": [0.5, 13, -7], "size": [1, 2, 1], "uv": [0, 0]},
          {"origin": [0.5, 13, -9], "size": [1, 2, 1], "uv": [0, 0]},
          {"origin": [0.5, 13, -11], "size": [1, 2, 1], "uv": [0, 0]},
          {"origin": [1.5, 13, -14], "size": [1, 3, 1], "uv": [0, 0]},
          {"origin": [1.5, 13, -16], "size": [1, 3, 1], "uv": [0, 0]},
          {"origin": [1.5, 13, -18], "size": [1, 3, 1], "uv": [0, 0]},
          {"origin": [1.5, 13, -20], "size": [1, 3, 1], "uv": [0, 0]},
          {"origin": [1.5, 13, -22], "size": [1, 3, 1], "uv": [0, 0]},
          {"origin": [4.5, 12, -24], "size": [1, 3, 1], "uv": [0, 0]},
          {"origin": [6.5, 12, -24], "size": [1, 3, 1], "uv": [0, 0]},
          {"origin": [8.5, 12, -24], "size": [1, 3, 1], "uv": [0, 0]},
          {"origin": [10.5, 12, -24], "size": [1, 3, 1], "uv": [0, 0]},
          {"origin": [12.5, 12, -24], "size": [1, 3, 1], "uv": [0, 0]},
          {"origin": [14.5, 12, -24], "size": [1, 3, 1], "uv": [0, 0]},
          {"origin": [16.5, 12, -24], "size": [1, 3, 1], "uv": [0, 0]},
          {"origin": [16.5, 17, -24], "size": [1, 3, 1], "uv": [0, 0]},
          {"origin": [16.5, 17, -26], "size": [1, 3, 1], "uv": [0, 0]},
          {"origin": [16.5, 17, -28], "size": [1, 3, 1], "uv": [0, 0]},
          {"origin": [16.5, 17, -30], "size": [1, 3, 1], "uv": [0, 0]},
          {"origin": [16.5, 17, -32], "size": [1, 3, 1], "uv": [0, 0]},
          {"origin": [16.5, 17, -34], "size": [1, 3, 1], "uv": [0, 0]},
          {"origin": [16.5, 17, -36], "size": [1, 3, 1], "uv": [0, 0]},
          {"origin": [14.5, 17, -36], "size": [1, 3, 1], "uv": [0, 0]},
          {"origin": [12.5, 17, -36], "size": [1, 3, 1], "uv": [0, 0]},
          {"origin": [10.5, 17, -36], "size": [1, 3, 1], "uv": [0, 0]},
          {"origin": [8.5, 17, -36], "size": [1, 3, 1], "uv": [0, 0]},
          {"origin": [6.5, 17, -36], "size": [1, 3, 1], "uv": [0, 0]},
          {"origin": [4.5, 17, -36], "size": [1, 3, 1], "uv": [0, 0]},
          {"origin": [2.5, 17, -34], "size": [1, 3, 1], "uv": [0, 0]},
          {"origin": [2.5, 17, -32], "size": [1, 3, 1], "uv": [0, 0]},
          {"origin": [2.5, 17, -30], "size": [1, 3, 1], "uv": [0, 0]},
          {"origin": [2.5, 17, -27], "size": [1, 3, 1], "uv": [0, 0]},
          {"origin": [2.5, 17, -25], "size": [1, 3, 1], "uv": [0, 0]},
          {"origin": [1.5, 17, -22], "size": [1, 3, 1], "uv": [0, 0]},
          {"origin": [1.5, 17, -19], "size": [1, 3, 1], "uv": [0, 0]},
          {"origin": [1.5, 17, -16], "size": [1, 3, 1], "uv": [0, 0]},
          {"origin": [1.5, 17, -14], "size": [1, 3, 1], "uv": [0, 0]},
          {"origin": [1.5, 17, -12], "size": [1, 3, 1], "uv": [0, 0]},
          {"origin": [1.5, 17, -10], "size": [1, 3, 1], "uv": [0, 0]},
          {"origin": [1.5, 17, -8], "size": [1, 3, 1], "uv": [0, 0]},
          {"origin": [1.5, 17, -6], "size": [1, 3, 1], "uv": [0, 0]},
          {"origin": [1.5, 17, -3], "size": [1, 3, 1], "uv": [0, 0]},
          {"origin": [18.5, 17, -3], "size": [1, 3, 1], "uv": [0, 0]},
          {"origin": [18.5, 17, -5], "size": [1, 3, 1], "uv": [0, 0]},
          {"origin": [18.5, 17, -7], "size": [1, 3, 1], "uv": [0, 0]},
          {"origin": [18.5, 17, -9], "size": [1, 3, 1], "uv": [0, 0]},
          {"origin": [18.5, 17, -11], "size": [1, 3, 1], "uv": [0, 0]},
          {"origin": [18.5, 17, -14], "size": [1, 3, 1], "uv": [0, 0]},
          {"origin": [18.5, 17, -17], "size": [1, 3, 1], "uv": [0, 0]},
          {"origin": [18.5, 17, -19], "size": [1, 3, 1], "uv": [0, 0]},
          {"origin": [18.5, 17, -21], "size": [1, 3, 1], "uv": [0, 0]},
          {"origin": [18.5, 17, -23], "size": [1, 3, 1], "uv": [0, 0]}
        ]
      },
      {
        "name": "tailpart0",
        "pivot": [0, 0, 0],
        "cubes": [
          {"origin": [6.5, 19, 172], "size": [2, 25, 8], "uv": [200, 0]},
          {"origin": [6.5, -6, 172], "size": [2, 10, 8], "uv": [200, 0]},
          {"origin": [6.5, -2, 160], "size": [2, 38, 12], "uv": [200, 0]},
          {"origin": [2, 7, 116], "size": [15, 20, 34], "uv": [132, 201]},
          {"origin": [3, 8, 139], "size": [11, 15, 23], "uv": [0, 218]},
          {"origin": [0, 4, 65], "size": [19, 24, 51], "uv": [114, 95]}
        ]
      },
      {
        "name": "tailpart1",
        "pivot": [2, 6, -4],
        "cubes": [
          {"origin": [0, 0, -6], "size": [0, 0, 0], "uv": [0, 16]}
        ]
      }
    ]
  }
}