{
  "geometry.shrimp": {
    "texturewidth": 128,
    "textureheight": 128,
    "visible_bounds_width": 3,
    "visible_bounds_height": 1,
    "visible_bounds_offset": [0, 0.5, 0],
    "bones": [
      {
        "name": "body",
        "pivot": [0, 5, 8],
        "rotation": [90, 0, 0],
        "cubes": [
          {"origin": [0, 17, 10], "size": [1, 4, 1], "uv": [0, 64]},
          {"origin": [-2, 17, 10], "size": [1, 4, 1], "uv": [0, 64]},
          {"origin": [-0.9, 11, 11], "size": [0.5, 1, 1], "uv": [0, 0]},
          {"origin": [-0.9, 13, 11], "size": [0.5, 1, 1], "uv": [0, 0]},
          {"origin": [-0.9, 15, 11], "size": [0.5, 1, 1], "uv": [0, 0]},
          {"origin": [-0.9, 17, 11], "size": [0.5, 1, 1], "uv": [0, 0]},
          {"origin": [2, 4, 7], "size": [5, 1, 1], "uv": [0, 60]},
          {"origin": [2, 6, 7], "size": [5, 1, 1], "uv": [0, 60]},
          {"origin": [1.5, 8, 7], "size": [5, 1, 1], "uv": [0, 60]},
          {"origin": [1.5, 10, 7], "size": [5, 1, 1], "uv": [0, 60]},
          {"origin": [1.5, 12, 7], "size": [5, 1, 1], "uv": [0, 60]},
          {"origin": [-8, 4, 7], "size": [5, 1, 1], "uv": [0, 60]},
          {"origin": [-8, 6, 7], "size": [5, 1, 1], "uv": [0, 60]},
          {"origin": [-7.5, 8, 7], "size": [5, 1, 1], "uv": [0, 60]},
          {"origin": [-7.5, 10, 7], "size": [5, 1, 1], "uv": [0, 60]},
          {"origin": [-7.5, 12, 7], "size": [5, 1, 1], "uv": [0, 60]},
          {"origin": [-4, -6, 5.5], "size": [7, 5, 1], "uv": [0, 52]},
          {"origin": [-2, -1, 5], "size": [3, 3, 2], "uv": [0, 43]},
          {"origin": [-2.5, 1, 6], "size": [4, 4, 3], "uv": [0, 33]},
          {"origin": [-3, 4, 7], "size": [5, 5, 4], "uv": [0, 23]},
          {"origin": [-2.5, 9, 7], "size": [4, 4, 4], "uv": [0, 13]},
          {"origin": [-2, 12, 8], "size": [3, 3, 3], "uv": [0, 7]},
          {"origin": [-1.5, 15, 9], "size": [2, 2, 2], "uv": [0, 3]},
          {"origin": [-1, 17, 10], "size": [1, 1, 1], "uv": [0, 0]}
        ]
      },
      {
        "name": "leg3",
        "pivot": [2, 6, -4],
        "cubes": [
          {"origin": [0, 0, -6], "size": [0, 0, 0], "uv": [0, 16]}
        ]
      }
    ]
  }
}