{
	"geometry.armchairs": {
		"texturewidth": 295,
		"textureheight": 137,
		"bones": [
			{
				"name": "body",
				"pivot": [0, 4, 0],
				"cubes": [
					{"origin": [21, 0, 5], "size": [2, 3, 2], "uv": [0, 73]},
					{"origin": [21, 0, -7], "size": [2, 3, 2], "uv": [0, 73]},
					{"origin": [-6.75, 8.25, -7.5], "size": [14, 1, 12.5], "uv": [151, 73]},
					{"origin": [7.5, 8.25, -7.5], "size": [14, 1, 12.5], "uv": [151, 73]},
					{"origin": [-21, 8.25, -7.5], "size": [14, 1, 12.5], "uv": [151, 73]},
					{"origin": [-23, 3, -7], "size": [46, 1, 14], "uv": [0, 73]},
					{"origin": [-24, 3.5, -8], "size": [48, 5, 16], "uv": [151, 73]},
					{"origin": [21, 8.5, -8], "size": [3, 6, 13], "uv": [151, 73]},
					{"origin": [-24, 8.5, -8], "size": [3, 6, 13], "uv": [151, 73]},
					{"origin": [-22, 19.5, 5], "size": [44, 1, 3], "uv": [151, 73]},
					{"origin": [-24, 8.5, 5], "size": [48, 11, 3], "uv": [151, 73]},
					{"origin": [-23, 0, 5], "size": [2, 3, 2], "uv": [0, 73]},
					{"origin": [8.25, 8.5, 4], "size": [12, 9, 1], "uv": [151, 73]},
					{"origin": [-5.75, 8.5, 4], "size": [12, 9, 1], "uv": [151, 73]},
					{"origin": [-20, 8.5, 4], "size": [12, 9, 1], "uv": [151, 73]},
					{"origin": [-23, 0, -7], "size": [2, 3, 2], "uv": [0, 73]}
				]
			}
		]
	}
}