{
	"format_version": "1.8.0",
	"geometry.christmas_tree": {
		"texturewidth": 256,
		"textureheight": 256,
		"visible_bounds_width": 3,
		"visible_bounds_height": 5,
		"visible_bounds_offset": [0, 2.5, 0],
		"bones": [
			{
				"name": "body",
				"pivot": [0, 0, 0],
				"cubes": [
					{"origin": [-7, 0, -7], "size": [14, 42, 14], "uv": [0, 0]},
					{"origin": [-8, 0, -6], "size": [1, 42, 12], "uv": [0, 0]},
					{"origin": [7, 0, -6], "size": [1, 42, 12], "uv": [0, 0]},
					{"origin": [-6, 0, 7], "size": [12, 42, 1], "uv": [0, 0]},
					{"origin": [-6, 0, -8], "size": [12, 42, 1], "uv": [0, 0]}
				]
			},
			{
				"name": "body2",
				"pivot": [0, 0, 0],
				"cubes": [
					{"origin": [-8, 18, 8], "size": [16, 8, 16], "uv": [0, 223]},
					{"origin": [-24, 18, -8], "size": [16, 8, 16], "uv": [0, 223]},
					{"origin": [8, 18, -8], "size": [16, 8, 16], "uv": [0, 223]},
					{"origin": [-8, 18, -24], "size": [16, 8, 16], "uv": [0, 223]}
				]
			},
			{
				"name": "body3",
				"pivot": [0, 0, 0],
				"rotation": [0, -60, 0],
				"cubes": [
					{"origin": [-8, 18, 8], "size": [16, 8, 16], "uv": [0, 223]},
					{"origin": [-24, 18, -8], "size": [16, 8, 16], "uv": [0, 223]},
					{"origin": [8, 18, -8], "size": [16, 8, 16], "uv": [0, 223]},
					{"origin": [-8, 18, -24], "size": [16, 8, 16], "uv": [0, 223]}
				]
			},
			{
				"name": "body4",
				"pivot": [0, 0, 0],
				"rotation": [0, -30, 0],
				"cubes": [
					{"origin": [-8, 18, 8], "size": [16, 8, 16], "uv": [0, 223]},
					{"origin": [-24, 18, -8], "size": [16, 8, 16], "uv": [0, 223]},
					{"origin": [8, 18, -8], "size": [16, 8, 16], "uv": [0, 223]},
					{"origin": [-8, 18, -24], "size": [16, 8, 16], "uv": [0, 223]}
				]
			},
			{
				"name": "body5",
				"pivot": [0, 0, 0],
				"rotation": [0, -30, 0],
				"cubes": [
					{"origin": [-8, 26, 8], "size": [16, 8, 12], "uv": [0, 223]},
					{"origin": [-20, 26, -8], "size": [12, 8, 16], "uv": [0, 223]},
					{"origin": [8, 26, -8], "size": [12, 8, 16], "uv": [0, 223]},
					{"origin": [-8, 26, -20], "size": [16, 8, 12], "uv": [0, 223]}
				]
			},
			{
				"name": "body6",
				"pivot": [0, 0, 0],
				"rotation": [0, -65, 0],
				"cubes": [
					{"origin": [-8, 26, 8], "size": [16, 8, 12], "uv": [0, 223]},
					{"origin": [-20, 26, -8], "size": [12, 8, 16], "uv": [0, 223]},
					{"origin": [8, 26, -8], "size": [12, 8, 16], "uv": [0, 223]},
					{"origin": [-8, 26, -20], "size": [16, 8, 12], "uv": [0, 223]}
				]
			},
			{
				"name": "body7",
				"pivot": [0, 0, 0],
				"rotation": [0, -90, 0],
				"cubes": [
					{"origin": [-8, 26, 8], "size": [16, 8, 12], "uv": [0, 223]},
					{"origin": [-20, 26, -8], "size": [12, 8, 16], "uv": [0, 223]},
					{"origin": [8, 26, -8], "size": [12, 8, 16], "uv": [0, 223]},
					{"origin": [-8, 26, -20], "size": [16, 8, 12], "uv": [0, 223]}
				]
			},
			{
				"name": "body8",
				"pivot": [0, 0, 0],
				"rotation": [0, -90, 0],
				"cubes": [
					{"origin": [-8, 34, 8], "size": [16, 8, 8], "uv": [0, 223]},
					{"origin": [-16, 34, -8], "size": [8, 8, 16], "uv": [0, 223]},
					{"origin": [8, 34, -8], "size": [8, 8, 16], "uv": [0, 223]},
					{"origin": [-8, 34, -16], "size": [16, 8, 8], "uv": [0, 223]}
				]
			},
			{
				"name": "body9",
				"pivot": [0, 0, 0],
				"rotation": [0, -90, 0],
				"cubes": [
					{"origin": [-8, 34, 8], "size": [16, 8, 8], "uv": [0, 223]},
					{"origin": [-16, 34, -8], "size": [8, 8, 16], "uv": [0, 223]},
					{"origin": [8, 34, -8], "size": [8, 8, 16], "uv": [0, 223]},
					{"origin": [-8, 34, -16], "size": [16, 8, 8], "uv": [0, 223]}
				]
			},
			{
				"name": "body10",
				"pivot": [0, 0, 0],
				"rotation": [0, -135, 0],
				"cubes": [
					{"origin": [-8, 34, 8], "size": [16, 8, 8], "uv": [0, 223]},
					{"origin": [-16, 34, -8], "size": [8, 8, 16], "uv": [0, 223]},
					{"origin": [8, 34, -8], "size": [8, 8, 16], "uv": [0, 223]},
					{"origin": [-8, 34, -16], "size": [16, 8, 8], "uv": [0, 223]}
				]
			},
			{
				"name": "body11",
				"pivot": [0, 0, 0],
				"rotation": [0, -135, 0],
				"cubes": [
					{"origin": [-8, 42, 8], "size": [16, 8, 4], "uv": [0, 223]},
					{"origin": [-12, 42, -8], "size": [4, 8, 16], "uv": [0, 223]},
					{"origin": [8, 42, -8], "size": [4, 8, 16], "uv": [0, 223]},
					{"origin": [-8, 42, -12], "size": [16, 8, 4], "uv": [0, 223]}
				]
			},
			{
				"name": "body12",
				"pivot": [0, 0, 0],
				"cubes": [
					{"origin": [-8, 42, 8], "size": [16, 8, 4], "uv": [0, 223]},
					{"origin": [-12, 42, -8], "size": [4, 8, 16], "uv": [0, 223]},
					{"origin": [8, 42, -8], "size": [4, 8, 16], "uv": [0, 223]},
					{"origin": [-8, 42, -12], "size": [16, 8, 4], "uv": [0, 223]}
				]
			},
			{
				"name": "body13",
				"pivot": [0, 0, 0],
				"cubes": [
					{"origin": [-6, 50, 8], "size": [12, 5, 2], "uv": [0, 223]},
					{"origin": [-10, 50, -6], "size": [2, 5, 12], "uv": [0, 223]},
					{"origin": [8, 50, -6], "size": [2, 5, 12], "uv": [0, 223]},
					{"origin": [-6, 50, -10], "size": [12, 5, 2], "uv": [0, 223]}
				]
			},
			{
				"name": "body14",
				"pivot": [0, 0, 0],
				"rotation": [0, -45, 0],
				"cubes": [
					{"origin": [-6, 50, 8], "size": [12, 5, 2], "uv": [0, 223]},
					{"origin": [-10, 50, -6], "size": [2, 5, 12], "uv": [0, 223]},
					{"origin": [8, 50, -6], "size": [2, 5, 12], "uv": [0, 223]},
					{"origin": [-6, 50, -10], "size": [12, 5, 2], "uv": [0, 223]}
				]
			},
			{
				"name": "body15",
				"pivot": [0, 0, 0],
				"cubes": [
					{"origin": [-7, 53, -7], "size": [14, 5, 14], "uv": [0, 223]}
				]
			},
			{
				"name": "body16",
				"pivot": [0, 0, 0],
				"rotation": [0, -40, 0],
				"cubes": [
					{"origin": [-7, 53, -7], "size": [14, 5, 14], "uv": [0, 223]}
				]
			},
			{
				"name": "body17",
				"pivot": [0, 0, 0],
				"rotation": [0, -45, 0],
				"cubes": [
					{"origin": [-4, 58, -4], "size": [8, 5, 8], "uv": [0, 223]}
				]
			},
			{
				"name": "body18",
				"pivot": [0, 0, 0],
				"cubes": [
					{"origin": [-4, 58, -4], "size": [8, 5, 8], "uv": [0, 223]}
				]
			},
			{
				"name": "body19",
				"pivot": [0, 0, 0],
				"cubes": [
					{"origin": [-2, 63, -2], "size": [4, 5, 4], "uv": [0, 223]}
				]
			},
			{
				"name": "body20",
				"pivot": [0, 0, 0],
				"rotation": [0, -45, 0],
				"cubes": [
					{"origin": [-2, 63, -2], "size": [4, 5, 4], "uv": [0, 223]},
					{"origin": [-6.7, 66, -0.3], "size": [14, 14, 1], "uv": [171, 12]}
				]
			},
			{
				"name": "body21",
				"pivot": [0, 0, 0],
				"cubes": [
					{"origin": [0, 20.7, -25.7], "size": [1, 1, 1], "uv": [251, 12], "inflate": 0.3},
					{"origin": [-3.5, 23, -25.7], "size": [1, 1, 1], "uv": [245, 12], "inflate": 0.3},
					{"origin": [-7, 19.7, -25.7], "size": [1, 1, 1], "uv": [246, 18], "inflate": 0.3},
					{"origin": [3.75, 23, -25.7], "size": [1, 1, 1], "uv": [245, 24], "inflate": 0.3},
					{"origin": [7, 19.7, -25.7], "size": [1, 1, 1], "uv": [251, 22], "inflate": 0.3}
				]
			},
			{
				"name": "body22",
				"pivot": [0, 0, 0],
				"rotation": [0, -45, 0],
				"cubes": [
					{"origin": [0, 20.7, -25.7], "size": [1, 1, 1], "uv": [251, 12], "inflate": 0.3},
					{"origin": [-3.5, 23, -25.7], "size": [1, 1, 1], "uv": [245, 12], "inflate": 0.3},
					{"origin": [-7, 19.7, -25.7], "size": [1, 1, 1], "uv": [246, 18], "inflate": 0.3},
					{"origin": [3.75, 23, -25.7], "size": [1, 1, 1], "uv": [245, 24], "inflate": 0.3},
					{"origin": [7, 19.7, -25.7], "size": [1, 1, 1], "uv": [251, 22], "inflate": 0.3}
				]
			},
			{
				"name": "body23",
				"pivot": [0, 0, 0],
				"rotation": [0, -90, 0],
				"cubes": [
					{"origin": [0, 20.7, -25.7], "size": [1, 1, 1], "uv": [251, 12], "inflate": 0.3},
					{"origin": [-3.5, 23, -25.7], "size": [1, 1, 1], "uv": [245, 12], "inflate": 0.3},
					{"origin": [-7, 19.7, -25.7], "size": [1, 1, 1], "uv": [246, 18], "inflate": 0.3},
					{"origin": [3.75, 23, -25.7], "size": [1, 1, 1], "uv": [245, 24], "inflate": 0.3},
					{"origin": [7, 19.7, -25.7], "size": [1, 1, 1], "uv": [251, 22], "inflate": 0.3}
				]
			},
			{
				"name": "body24",
				"pivot": [0, 0, 0],
				"rotation": [0, -135, 0],
				"cubes": [
					{"origin": [0, 20.7, -25.7], "size": [1, 1, 1], "uv": [251, 12], "inflate": 0.3},
					{"origin": [-3.5, 23, -25.7], "size": [1, 1, 1], "uv": [245, 12], "inflate": 0.3},
					{"origin": [-7, 19.7, -25.7], "size": [1, 1, 1], "uv": [246, 18], "inflate": 0.3},
					{"origin": [3.75, 23, -25.7], "size": [1, 1, 1], "uv": [245, 24], "inflate": 0.3},
					{"origin": [7, 19.7, -25.7], "size": [1, 1, 1], "uv": [251, 22], "inflate": 0.3}
				]
			},
			{
				"name": "body25",
				"pivot": [0, 0, 0],
				"rotation": [0, -180, 0],
				"cubes": [
					{"origin": [0, 20.7, -25.7], "size": [1, 1, 1], "uv": [251, 12], "inflate": 0.3},
					{"origin": [-3.5, 23, -25.7], "size": [1, 1, 1], "uv": [245, 12], "inflate": 0.3},
					{"origin": [-7, 19.7, -25.7], "size": [1, 1, 1], "uv": [246, 18], "inflate": 0.3},
					{"origin": [3.75, 23, -25.7], "size": [1, 1, 1], "uv": [245, 24], "inflate": 0.3},
					{"origin": [7, 19.7, -25.7], "size": [1, 1, 1], "uv": [251, 22], "inflate": 0.3}
				]
			},
			{
				"name": "body26",
				"pivot": [0, 0, 0],
				"rotation": [0, -225, 0],
				"cubes": [
					{"origin": [0, 20.7, -25.7], "size": [1, 1, 1], "uv": [251, 12], "inflate": 0.3},
					{"origin": [-3.5, 23, -25.7], "size": [1, 1, 1], "uv": [245, 12], "inflate": 0.3},
					{"origin": [-7, 19.7, -25.7], "size": [1, 1, 1], "uv": [246, 18], "inflate": 0.3},
					{"origin": [3.75, 23, -25.7], "size": [1, 1, 1], "uv": [245, 24], "inflate": 0.3},
					{"origin": [7, 19.7, -25.7], "size": [1, 1, 1], "uv": [251, 22], "inflate": 0.3}
				]
			},
			{
				"name": "body27",
				"pivot": [0, 0, 0],
				"rotation": [0, -270, 0],
				"cubes": [
					{"origin": [0, 20.7, -25.7], "size": [1, 1, 1], "uv": [251, 12], "inflate": 0.3},
					{"origin": [-3.5, 23, -25.7], "size": [1, 1, 1], "uv": [245, 12], "inflate": 0.3},
					{"origin": [-7, 19.7, -25.7], "size": [1, 1, 1], "uv": [246, 18], "inflate": 0.3},
					{"origin": [3.75, 23, -25.7], "size": [1, 1, 1], "uv": [245, 24], "inflate": 0.3},
					{"origin": [7, 19.7, -25.7], "size": [1, 1, 1], "uv": [251, 22], "inflate": 0.3}
				]
			},
			{
				"name": "body28",
				"pivot": [0, 0, 0],
				"rotation": [0, -315, 0],
				"cubes": [
					{"origin": [0, 20.7, -25.7], "size": [1, 1, 1], "uv": [251, 12], "inflate": 0.3},
					{"origin": [-3.5, 23, -25.7], "size": [1, 1, 1], "uv": [245, 12], "inflate": 0.3},
					{"origin": [-7, 19.7, -25.7], "size": [1, 1, 1], "uv": [246, 18], "inflate": 0.3},
					{"origin": [3.75, 23, -25.7], "size": [1, 1, 1], "uv": [245, 24], "inflate": 0.3},
					{"origin": [7, 19.7, -25.7], "size": [1, 1, 1], "uv": [251, 22], "inflate": 0.3}
				]
			},
			{
				"name": "body29",
				"pivot": [0, 0, 0],
				"rotation": [0, -315, 0],
				"cubes": [
					{"origin": [0, 28.7, -21.7], "size": [1, 1, 1], "uv": [251, 12], "inflate": 0.3},
					{"origin": [-3.5, 31, -21.7], "size": [1, 1, 1], "uv": [245, 12], "inflate": 0.3},
					{"origin": [-7, 27.7, -21.7], "size": [1, 1, 1], "uv": [246, 18], "inflate": 0.3},
					{"origin": [3.75, 31, -21.7], "size": [1, 1, 1], "uv": [245, 24], "inflate": 0.3},
					{"origin": [7, 27.7, -21.7], "size": [1, 1, 1], "uv": [251, 22], "inflate": 0.3}
				]
			},
			{
				"name": "body30",
				"pivot": [0, 0, 0],
				"cubes": [
					{"origin": [0, 28.7, -21.7], "size": [1, 1, 1], "uv": [251, 12], "inflate": 0.3},
					{"origin": [-3.5, 31, -21.7], "size": [1, 1, 1], "uv": [245, 12], "inflate": 0.3},
					{"origin": [-7, 27.7, -21.7], "size": [1, 1, 1], "uv": [246, 18], "inflate": 0.3},
					{"origin": [3.75, 31, -21.7], "size": [1, 1, 1], "uv": [245, 24], "inflate": 0.3},
					{"origin": [7, 27.7, -21.7], "size": [1, 1, 1], "uv": [251, 22], "inflate": 0.3}
				]
			},
			{
				"name": "body31",
				"pivot": [0, 0, 0],
				"rotation": [0, -45, 0],
				"cubes": [
					{"origin": [0, 28.7, -21.7], "size": [1, 1, 1], "uv": [251, 12], "inflate": 0.3},
					{"origin": [-3.5, 31, -21.7], "size": [1, 1, 1], "uv": [245, 12], "inflate": 0.3},
					{"origin": [-7, 27.7, -21.7], "size": [1, 1, 1], "uv": [246, 18], "inflate": 0.3},
					{"origin": [3.75, 31, -21.7], "size": [1, 1, 1], "uv": [245, 24], "inflate": 0.3},
					{"origin": [7, 27.7, -21.7], "size": [1, 1, 1], "uv": [251, 22], "inflate": 0.3}
				]
			},
			{
				"name": "body32",
				"pivot": [0, 0, 0],
				"rotation": [0, -90, 0],
				"cubes": [
					{"origin": [0, 28.7, -21.7], "size": [1, 1, 1], "uv": [251, 12], "inflate": 0.3},
					{"origin": [-3.5, 31, -21.7], "size": [1, 1, 1], "uv": [245, 12], "inflate": 0.3},
					{"origin": [-7, 27.7, -21.7], "size": [1, 1, 1], "uv": [246, 18], "inflate": 0.3},
					{"origin": [3.75, 31, -21.7], "size": [1, 1, 1], "uv": [245, 24], "inflate": 0.3},
					{"origin": [7, 27.7, -21.7], "size": [1, 1, 1], "uv": [251, 22], "inflate": 0.3}
				]
			},
			{
				"name": "body33",
				"pivot": [0, 0, 0],
				"rotation": [0, -135, 0],
				"cubes": [
					{"origin": [0, 28.7, -21.7], "size": [1, 1, 1], "uv": [251, 12], "inflate": 0.3},
					{"origin": [-3.5, 31, -21.7], "size": [1, 1, 1], "uv": [245, 12], "inflate": 0.3},
					{"origin": [-7, 27.7, -21.7], "size": [1, 1, 1], "uv": [246, 18], "inflate": 0.3},
					{"origin": [3.75, 31, -21.7], "size": [1, 1, 1], "uv": [245, 24], "inflate": 0.3},
					{"origin": [7, 27.7, -21.7], "size": [1, 1, 1], "uv": [251, 22], "inflate": 0.3}
				]
			},
			{
				"name": "body34",
				"pivot": [0, 0, 0],
				"rotation": [0, -180, 0],
				"cubes": [
					{"origin": [0, 28.7, -21.7], "size": [1, 1, 1], "uv": [251, 12], "inflate": 0.3},
					{"origin": [-3.5, 31, -21.7], "size": [1, 1, 1], "uv": [245, 12], "inflate": 0.3},
					{"origin": [-7, 27.7, -21.7], "size": [1, 1, 1], "uv": [246, 18], "inflate": 0.3},
					{"origin": [3.75, 31, -21.7], "size": [1, 1, 1], "uv": [245, 24], "inflate": 0.3},
					{"origin": [7, 27.7, -21.7], "size": [1, 1, 1], "uv": [251, 22], "inflate": 0.3}
				]
			},
			{
				"name": "body35",
				"pivot": [0, 0, 0],
				"rotation": [0, -225, 0],
				"cubes": [
					{"origin": [0, 28.7, -21.7], "size": [1, 1, 1], "uv": [251, 12], "inflate": 0.3},
					{"origin": [-3.5, 31, -21.7], "size": [1, 1, 1], "uv": [245, 12], "inflate": 0.3},
					{"origin": [-7, 27.7, -21.7], "size": [1, 1, 1], "uv": [246, 18], "inflate": 0.3},
					{"origin": [3.75, 31, -21.7], "size": [1, 1, 1], "uv": [245, 24], "inflate": 0.3},
					{"origin": [7, 27.7, -21.7], "size": [1, 1, 1], "uv": [251, 22], "inflate": 0.3}
				]
			},
			{
				"name": "body36",
				"pivot": [0, 0, 0],
				"rotation": [0, -270, 0],
				"cubes": [
					{"origin": [0, 28.7, -21.7], "size": [1, 1, 1], "uv": [251, 12], "inflate": 0.3},
					{"origin": [-3.5, 31, -21.7], "size": [1, 1, 1], "uv": [245, 12], "inflate": 0.3},
					{"origin": [-7, 27.7, -21.7], "size": [1, 1, 1], "uv": [246, 18], "inflate": 0.3},
					{"origin": [3.75, 31, -21.7], "size": [1, 1, 1], "uv": [245, 24], "inflate": 0.3},
					{"origin": [7, 27.7, -21.7], "size": [1, 1, 1], "uv": [251, 22], "inflate": 0.3}
				]
			},
			{
				"name": "body37",
				"pivot": [0, 0, 0],
				"cubes": [
					{"origin": [0, 37.7, -17.7], "size": [1, 1, 1], "uv": [251, 12], "inflate": 0.3},
					{"origin": [-3.5, 40, -17.7], "size": [1, 1, 1], "uv": [245, 12], "inflate": 0.3},
					{"origin": [-7, 36.7, -17.7], "size": [1, 1, 1], "uv": [246, 18], "inflate": 0.3},
					{"origin": [3.75, 40, -17.7], "size": [1, 1, 1], "uv": [245, 24], "inflate": 0.3},
					{"origin": [7, 36.7, -17.7], "size": [1, 1, 1], "uv": [251, 22], "inflate": 0.3}
				]
			},
			{
				"name": "body38",
				"pivot": [0, 0, 0],
				"rotation": [0, -60, 0],
				"cubes": [
					{"origin": [0, 37.7, -17.7], "size": [1, 1, 1], "uv": [251, 12], "inflate": 0.3},
					{"origin": [-3.5, 40, -17.7], "size": [1, 1, 1], "uv": [245, 12], "inflate": 0.3},
					{"origin": [-7, 36.7, -17.7], "size": [1, 1, 1], "uv": [246, 18], "inflate": 0.3},
					{"origin": [3.75, 40, -17.7], "size": [1, 1, 1], "uv": [245, 24], "inflate": 0.3},
					{"origin": [7, 36.7, -17.7], "size": [1, 1, 1], "uv": [251, 22], "inflate": 0.3}
				]
			},
			{
				"name": "body39",
				"pivot": [0, 0, 0],
				"rotation": [0, -120, 0],
				"cubes": [
					{"origin": [0, 37.7, -17.7], "size": [1, 1, 1], "uv": [251, 12], "inflate": 0.3},
					{"origin": [-3.5, 40, -17.7], "size": [1, 1, 1], "uv": [245, 12], "inflate": 0.3},
					{"origin": [-7, 36.7, -17.7], "size": [1, 1, 1], "uv": [246, 18], "inflate": 0.3},
					{"origin": [3.75, 40, -17.7], "size": [1, 1, 1], "uv": [245, 24], "inflate": 0.3},
					{"origin": [7, 36.7, -17.7], "size": [1, 1, 1], "uv": [251, 22], "inflate": 0.3}
				]
			},
			{
				"name": "body40",
				"pivot": [0, 0, 0],
				"rotation": [0, -180, 0],
				"cubes": [
					{"origin": [0, 37.7, -17.7], "size": [1, 1, 1], "uv": [251, 12], "inflate": 0.3},
					{"origin": [-3.5, 40, -17.7], "size": [1, 1, 1], "uv": [245, 12], "inflate": 0.3},
					{"origin": [-7, 36.7, -17.7], "size": [1, 1, 1], "uv": [246, 18], "inflate": 0.3},
					{"origin": [3.75, 40, -17.7], "size": [1, 1, 1], "uv": [245, 24], "inflate": 0.3},
					{"origin": [7, 36.7, -17.7], "size": [1, 1, 1], "uv": [251, 22], "inflate": 0.3}
				]
			},
			{
				"name": "body41",
				"pivot": [0, 0, 0],
				"rotation": [0, -235, 0],
				"cubes": [
					{"origin": [0, 37.7, -17.7], "size": [1, 1, 1], "uv": [251, 12], "inflate": 0.3},
					{"origin": [-3.5, 40, -17.7], "size": [1, 1, 1], "uv": [245, 12], "inflate": 0.3},
					{"origin": [-7, 36.7, -17.7], "size": [1, 1, 1], "uv": [246, 18], "inflate": 0.3},
					{"origin": [3.75, 40, -17.7], "size": [1, 1, 1], "uv": [245, 24], "inflate": 0.3},
					{"origin": [7, 36.7, -17.7], "size": [1, 1, 1], "uv": [251, 22], "inflate": 0.3}
				]
			},
			{
				"name": "body42",
				"pivot": [0, 0, 0],
				"rotation": [0, -295, 0],
				"cubes": [
					{"origin": [0, 37.7, -17.7], "size": [1, 1, 1], "uv": [251, 12], "inflate": 0.3},
					{"origin": [-3.5, 40, -17.7], "size": [1, 1, 1], "uv": [245, 12], "inflate": 0.3},
					{"origin": [-7, 36.7, -17.7], "size": [1, 1, 1], "uv": [246, 18], "inflate": 0.3},
					{"origin": [3.75, 40, -17.7], "size": [1, 1, 1], "uv": [245, 24], "inflate": 0.3},
					{"origin": [7, 36.7, -17.7], "size": [1, 1, 1], "uv": [251, 22], "inflate": 0.3}
				]
			},
			{
				"name": "body43",
				"pivot": [0, 0, 0],
				"cubes": [
					{"origin": [0, 44.7, -13.7], "size": [1, 1, 1], "uv": [251, 12], "inflate": 0.3},
					{"origin": [-3.5, 47, -13.7], "size": [1, 1, 1], "uv": [245, 12], "inflate": 0.3},
					{"origin": [-7, 43.7, -13.7], "size": [1, 1, 1], "uv": [246, 18], "inflate": 0.3},
					{"origin": [3.75, 47, -13.7], "size": [1, 1, 1], "uv": [245, 24], "inflate": 0.3},
					{"origin": [7, 43.7, -13.7], "size": [1, 1, 1], "uv": [251, 22], "inflate": 0.3}
				]
			},
			{
				"name": "body44",
				"pivot": [0, 0, 0],
				"rotation": [0, -70, 0],
				"cubes": [
					{"origin": [0, 44.7, -13.7], "size": [1, 1, 1], "uv": [251, 12], "inflate": 0.3},
					{"origin": [-3.5, 47, -13.7], "size": [1, 1, 1], "uv": [245, 12], "inflate": 0.3},
					{"origin": [-7, 43.7, -13.7], "size": [1, 1, 1], "uv": [246, 18], "inflate": 0.3},
					{"origin": [3.75, 47, -13.7], "size": [1, 1, 1], "uv": [245, 24], "inflate": 0.3},
					{"origin": [7, 43.7, -13.7], "size": [1, 1, 1], "uv": [251, 22], "inflate": 0.3}
				]
			},
			{
				"name": "body45",
				"pivot": [0, 0, 0],
				"rotation": [0, -140, 0],
				"cubes": [
					{"origin": [0, 44.7, -13.7], "size": [1, 1, 1], "uv": [251, 12], "inflate": 0.3},
					{"origin": [-3.5, 47, -13.7], "size": [1, 1, 1], "uv": [245, 12], "inflate": 0.3},
					{"origin": [-7, 43.7, -13.7], "size": [1, 1, 1], "uv": [246, 18], "inflate": 0.3},
					{"origin": [3.75, 47, -13.7], "size": [1, 1, 1], "uv": [245, 24], "inflate": 0.3},
					{"origin": [7, 43.7, -13.7], "size": [1, 1, 1], "uv": [251, 22], "inflate": 0.3}
				]
			},
			{
				"name": "body46",
				"pivot": [0, 0, 0],
				"rotation": [0, -210, 0],
				"cubes": [
					{"origin": [0, 44.7, -13.7], "size": [1, 1, 1], "uv": [251, 12], "inflate": 0.3},
					{"origin": [-3.5, 47, -13.7], "size": [1, 1, 1], "uv": [245, 12], "inflate": 0.3},
					{"origin": [-7, 43.7, -13.7], "size": [1, 1, 1], "uv": [246, 18], "inflate": 0.3},
					{"origin": [3.75, 47, -13.7], "size": [1, 1, 1], "uv": [245, 24], "inflate": 0.3},
					{"origin": [7, 43.7, -13.7], "size": [1, 1, 1], "uv": [251, 22], "inflate": 0.3}
				]
			},
			{
				"name": "body47",
				"pivot": [0, 0, 0],
				"rotation": [0, -285, 0],
				"cubes": [
					{"origin": [0, 44.7, -13.7], "size": [1, 1, 1], "uv": [251, 12], "inflate": 0.3},
					{"origin": [-3.5, 47, -13.7], "size": [1, 1, 1], "uv": [245, 12], "inflate": 0.3},
					{"origin": [-7, 43.7, -13.7], "size": [1, 1, 1], "uv": [246, 18], "inflate": 0.3},
					{"origin": [3.75, 47, -13.7], "size": [1, 1, 1], "uv": [245, 24], "inflate": 0.3},
					{"origin": [7, 43.7, -13.7], "size": [1, 1, 1], "uv": [251, 22], "inflate": 0.3}
				]
			},
			{
				"name": "body48",
				"pivot": [0, 0, 0],
				"cubes": [
					{"origin": [0, 52.9, -10.7], "size": [1, 1, 1], "uv": [251, 12], "inflate": 0.3},
					{"origin": [-3.5, 55.2, -10], "size": [1, 1, 1], "uv": [245, 12], "inflate": 0.3},
					{"origin": [-7, 51.9, -10.7], "size": [1, 1, 1], "uv": [246, 18], "inflate": 0.3},
					{"origin": [3.75, 55.2, -10], "size": [1, 1, 1], "uv": [245, 24], "inflate": 0.3},
					{"origin": [7, 51.9, -10.7], "size": [1, 1, 1], "uv": [251, 22], "inflate": 0.3}
				]
			},
			{
				"name": "body49",
				"pivot": [0, 0, 0],
				"rotation": [0, -90, 0],
				"cubes": [
					{"origin": [0, 52.9, -10.7], "size": [1, 1, 1], "uv": [251, 12], "inflate": 0.3},
					{"origin": [-3.5, 55.2, -10], "size": [1, 1, 1], "uv": [245, 12], "inflate": 0.3},
					{"origin": [-7, 51.9, -10.7], "size": [1, 1, 1], "uv": [246, 18], "inflate": 0.3},
					{"origin": [3.75, 55.2, -10], "size": [1, 1, 1], "uv": [245, 24], "inflate": 0.3},
					{"origin": [7, 51.9, -10.7], "size": [1, 1, 1], "uv": [251, 22], "inflate": 0.3}
				]
			},
			{
				"name": "body50",
				"pivot": [0, 0, 0],
				"rotation": [0, -180, 0],
				"cubes": [
					{"origin": [0, 52.9, -10.7], "size": [1, 1, 1], "uv": [251, 12], "inflate": 0.3},
					{"origin": [-3.5, 55.2, -10], "size": [1, 1, 1], "uv": [245, 12], "inflate": 0.3},
					{"origin": [-7, 51.9, -10.7], "size": [1, 1, 1], "uv": [246, 18], "inflate": 0.3},
					{"origin": [3.75, 55.2, -10], "size": [1, 1, 1], "uv": [245, 24], "inflate": 0.3},
					{"origin": [7, 51.9, -10.7], "size": [1, 1, 1], "uv": [251, 22], "inflate": 0.3}
				]
			},
			{
				"name": "body51",
				"pivot": [0, 0, 0],
				"rotation": [0, -270, 0],
				"cubes": [
					{"origin": [0, 52.9, -10.7], "size": [1, 1, 1], "uv": [251, 12], "inflate": 0.3},
					{"origin": [-3.5, 55.2, -10], "size": [1, 1, 1], "uv": [245, 12], "inflate": 0.3},
					{"origin": [-7, 51.9, -10.7], "size": [1, 1, 1], "uv": [246, 18], "inflate": 0.3},
					{"origin": [3.75, 55.2, -10], "size": [1, 1, 1], "uv": [245, 24], "inflate": 0.3},
					{"origin": [7, 51.9, -10.7], "size": [1, 1, 1], "uv": [251, 22], "inflate": 0.3}
				]
			},
			{
				"name": "body52",
				"pivot": [0, 0, 0],
				"cubes": [
					{"origin": [0, 59.9, -5.7], "size": [1, 1, 1], "uv": [251, 12], "inflate": 0.3},
					{"origin": [-2.8, 62.2, -4.6], "size": [1, 1, 1], "uv": [245, 12], "inflate": 0.3},
					{"origin": [-5.3, 58.9, -4.6], "size": [1, 1, 1], "uv": [246, 18], "inflate": 0.3},
					{"origin": [2.95, 62.2, -4.2], "size": [1, 1, 1], "uv": [245, 24], "inflate": 0.3},
					{"origin": [4.1, 58.9, -5.4], "size": [1, 1, 1], "uv": [251, 22], "inflate": 0.3}
				]
			},
			{
				"name": "body53",
				"pivot": [0, 0, 0],
				"rotation": [0, -120, 0],
				"cubes": [
					{"origin": [0, 59.9, -5.7], "size": [1, 1, 1], "uv": [251, 12], "inflate": 0.3},
					{"origin": [-3.5, 62.2, -4.3], "size": [1, 1, 1], "uv": [245, 12], "inflate": 0.3},
					{"origin": [-5, 58.9, -4.7], "size": [1, 1, 1], "uv": [246, 18], "inflate": 0.3},
					{"origin": [3.40359, 62.2, -4.8], "size": [1, 1, 1], "uv": [245, 24], "inflate": 0.3},
					{"origin": [4, 58.9, -4.9], "size": [1, 1, 1], "uv": [251, 22], "inflate": 0.3}
				]
			},
			{
				"name": "body54",
				"pivot": [0, 0, 0],
				"rotation": [0, -235, 0],
				"cubes": [
					{"origin": [0, 59.9, -5.7], "size": [1, 1, 1], "uv": [251, 12], "inflate": 0.3},
					{"origin": [-3.17234, 62.2, -4.77057], "size": [1, 1, 1], "uv": [245, 12], "inflate": 0.3},
					{"origin": [-4.5, 58.9, -5.1], "size": [1, 1, 1], "uv": [246, 18], "inflate": 0.3},
					{"origin": [3.02084, 62.2, -4.65602], "size": [1, 1, 1], "uv": [245, 24], "inflate": 0.3},
					{"origin": [4.6, 58.9, -4.9], "size": [1, 1, 1], "uv": [251, 22], "inflate": 0.3}
				]
			},
			{
				"name": "body69",
				"pivot": [0, 0, 0],
				"rotation": [0, 45, 0],
				"cubes": [
					{"origin": [-6.7, 66, 0.7], "size": [14, 14, 1], "uv": [171, 12]}
				]
			}
		]
	}
}