{
	"geometry.closet": {
		"texturewidth": 220,
		"textureheight": 128,
		"visible_bounds_width": 3,
		"visible_bounds_height": 2,
		"visible_bounds_offset": [0, 1, 0],
		"bones": [
			{
				"name": "body",
				"pivot": [0, 0, 0],
				"cubes": [
					{"origin": [-24, 0, -8], "size": [48, 1, 16], "uv": [0, 57]},
					{"origin": [23, 1, -8], "size": [1, 30, 16], "uv": [0, 0]},
					{"origin": [-24, 31, -8], "size": [48, 1, 16], "uv": [0, 0]},
					{"origin": [-24, 1, -8], "size": [1, 30, 16], "uv": [0, 0]},
					{"origin": [-23, 1, 7], "size": [46, 30, 1], "uv": [0, 0]},
					{"origin": [7, 1, -8], "size": [1, 30, 15], "uv": [0, 0]},
					{"origin": [-23, 9, -8], "size": [14, 1, 15], "uv": [161, 111]},
					{"origin": [-9, 1, -8], "size": [1, 30, 15], "uv": [0, 0]},
					{"origin": [-23, 20, -8], "size": [14, 1, 15], "uv": [161, 111]},
					{"origin": [-8, 9, -8], "size": [15, 1, 15], "uv": [159, 111]},
					{"origin": [-8, 26, -1], "size": [15, 1, 1], "uv": [188, 125]},
					{"origin": [8, 19, -1], "size": [15, 1, 1], "uv": [188, 125]},
					{"origin": [8, 22, -8], "size": [15, 1, 15], "uv": [159, 111]},
					{"origin": [-8, 0.1, -7.5], "size": [15, 1, 15], "uv": [159, 111]},
					{"origin": [-23, 0.1, -7.5], "size": [14, 1, 15], "uv": [161, 111]},
					{"origin": [8, 0.1, -7.5], "size": [15, 1, 15], "uv": [159, 111]}
				]
			},
			{
				"name": "body2",
				"pivot": [0, 24, 0],
				"cubes": [
					{"origin": [9, 22.5, -5], "size": [3, 6, 5], "uv": [116, 80], "inflate": -0.5},
					{"origin": [12, 22.5, -5], "size": [3, 5, 5], "uv": [132, 80], "inflate": -0.5},
					{"origin": [15, 22.5, -5], "size": [3, 5, 5], "uv": [148, 80], "inflate": -0.5},
					{"origin": [16, 20, -7], "size": [8, 8, 8], "uv": [115, 93], "inflate": -3},
					{"origin": [-7, 14, -3.9], "size": [4, 12, 8], "uv": [0, 83]},
					{"origin": [-7, 20, -7.9], "size": [4, 6, 4], "uv": [85, 81]},
					{"origin": [-7, 20, 3.9], "size": [4, 6, 4], "uv": [85, 81]},
					{"origin": [-21, 21, -3.9], "size": [8, 7, 8], "uv": [51, 81]},
					{"origin": [-2.5, 20, -7.9], "size": [4, 6, 4], "uv": [85, 96]},
					{"origin": [-2.5, 14, -3.9], "size": [4, 12, 8], "uv": [0, 105]},
					{"origin": [-2.5, 20, 3.9], "size": [4, 6, 4], "uv": [85, 96]},
					{"origin": [2, 20, 3.9], "size": [4, 6, 4], "uv": [85, 81]},
					{"origin": [2, 14, -3.9], "size": [4, 12, 8], "uv": [0, 83]},
					{"origin": [2, 20, -7.9], "size": [4, 6, 4], "uv": [85, 81]},
					{"origin": [8.75, 6, -3.9], "size": [4, 13, 8], "uv": [26, 83]},
					{"origin": [18.25, 6, -0.4], "size": [4, 6, 1], "uv": [103, 81]},
					{"origin": [18.25, 5, -3.9], "size": [4, 14, 8], "uv": [26, 83]},
					{"origin": [13.5, 6, -0.4], "size": [4, 6, 1], "uv": [103, 96]},
					{"origin": [13.5, 6, -3.9], "size": [4, 13, 8], "uv": [26, 103]},
					{"origin": [-21, 10, -3.9], "size": [8, 7, 8], "uv": [51, 96]},
					{"origin": [8.75, 6, -0.4], "size": [4, 6, 1], "uv": [103, 81]},
					{"origin": [-16, 1, -2.9], "size": [4, 4, 4], "uv": [85, 81]},
					{"origin": [-21, 1, -2.9], "size": [4, 4, 4], "uv": [85, 81]}
				]
			}
		]
	}
}