{
	"geometry.colorful_gifts": {
		"texturewidth": 512,
		"textureheight": 512,
		"visible_bounds_width": 1,
		"visible_bounds_height": 1,
		"visible_bounds_offset": [0, 0.5, 0],
		"bones": [
			{
				"name": "body",
				"pivot": [0, 0, 0],
				"cubes": [
					{"origin": [-7, 0, -7], "size": [14, 9, 14], "uv": [0, 0]},
					{"origin": [-7.5, 8, -7.5], "size": [15, 3, 15], "uv": [0, 0]},
					{"origin": [-1, 0, 0], "size": [1, 1, 1], "uv": [0, 0]},
					{"origin": [-1.5, -0.4, -7.5], "size": [3, 9, 15], "uv": [3, 263], "inflate": -0.3},
					{"origin": [-1.5, 7.55, -8], "size": [3, 4, 16], "uv": [3, 263], "inflate": -0.3},
					{"origin": [-8, 7.55, -1.5], "size": [16, 4, 3], "uv": [3, 263], "inflate": -0.3},
					{"origin": [-7.5, -0.4, -1.5], "size": [15, 9, 3], "uv": [3, 263], "inflate": -0.3}
				]
			},
			{
				"name": "body2",
				"pivot": [0, 0, 0],
				"rotation": [0, 45, 0],
				"cubes": [
					{"origin": [1.45, 11.15, -0.5], "size": [1, 1, 1], "uv": [39, 310]},
					{"origin": [2.45, 12.15, -0.5], "size": [1, 1, 1], "uv": [39, 310]},
					{"origin": [3.45, 13.15, -0.5], "size": [1, 1, 1], "uv": [39, 310]},
					{"origin": [3.45, 14.15, -0.5], "size": [1, 1, 1], "uv": [39, 310]},
					{"origin": [2.45, 15.15, -0.5], "size": [1, 1, 1], "uv": [39, 310]},
					{"origin": [1.45, 15.15, -0.5], "size": [1, 1, 1], "uv": [39, 310]},
					{"origin": [-0.55, 13.15, -0.5], "size": [1, 1, 1], "uv": [39, 310]},
					{"origin": [-1.45, 14.15, -0.5], "size": [1, 1, 1], "uv": [39, 310]},
					{"origin": [-2.45, 15.15, -0.5], "size": [1, 1, 1], "uv": [39, 310]},
					{"origin": [-3.45, 15.15, -0.5], "size": [1, 1, 1], "uv": [39, 310]},
					{"origin": [-4.45, 13.15, -0.5], "size": [1, 1, 1], "uv": [39, 310]},
					{"origin": [-4.45, 14.15, -0.5], "size": [1, 1, 1], "uv": [39, 310]},
					{"origin": [-2.45, 11.15, -0.5], "size": [1, 1, 1], "uv": [39, 310]},
					{"origin": [-3.45, 12.15, -0.5], "size": [1, 1, 1], "uv": [39, 310]},
					{"origin": [0.45, 14.15, -0.5], "size": [1, 1, 1], "uv": [39, 310]}
				]
			},
			{
				"name": "body3",
				"pivot": [0, 0, 0],
				"rotation": [0, -45, 0],
				"cubes": [
					{"origin": [1.45, 11.15, -0.5], "size": [1, 1, 1], "uv": [32, 265]},
					{"origin": [2.45, 12.15, -0.5], "size": [1, 1, 1], "uv": [32, 265]},
					{"origin": [3.45, 13.15, -0.5], "size": [1, 1, 1], "uv": [32, 265]},
					{"origin": [3.45, 14.15, -0.5], "size": [1, 1, 1], "uv": [32, 265]},
					{"origin": [2.45, 15.15, -0.5], "size": [1, 1, 1], "uv": [32, 265]},
					{"origin": [1.45, 15.15, -0.5], "size": [1, 1, 1], "uv": [32, 265]},
					{"origin": [-0.55, 13.15, -0.5], "size": [1, 1, 1], "uv": [32, 265]},
					{"origin": [-1.45, 14.15, -0.5], "size": [1, 1, 1], "uv": [32, 265]},
					{"origin": [-2.45, 15.15, -0.5], "size": [1, 1, 1], "uv": [32, 265]},
					{"origin": [-3.45, 15.15, -0.5], "size": [1, 1, 1], "uv": [32, 265]},
					{"origin": [-4.45, 13.15, -0.5], "size": [1, 1, 1], "uv": [32, 265]},
					{"origin": [-4.45, 14.15, -0.5], "size": [1, 1, 1], "uv": [32, 265]},
					{"origin": [-2.45, 11.15, -0.5], "size": [1, 1, 1], "uv": [32, 265]},
					{"origin": [-3.45, 12.15, -0.5], "size": [1, 1, 1], "uv": [32, 265]},
					{"origin": [0.45, 14.15, -0.5], "size": [1, 1, 1], "uv": [32, 265]}
				]
			}
		]
	},
	"geometry.regalo": {
		"texturewidth": 512,
		"textureheight": 512,
		"visible_bounds_width": 1,
		"visible_bounds_height": 1,
		"visible_bounds_offset": [0, 0.5, 0],
		"bones": [
			{
				"name": "body",
				"pivot": [0, 0, 0],
				"cubes": [
					{"origin": [-7, 0, -7], "size": [14, 9, 14], "uv": [0, 0]},
					{"origin": [-7.5, 8, -7.5], "size": [15, 3, 15], "uv": [0, 0]},
					{"origin": [-1, 0, 0], "size": [1, 1, 1], "uv": [0, 0]},
					{"origin": [-1.5, -0.4, -7.5], "size": [3, 9, 15], "uv": [3, 263], "inflate": -0.3},
					{"origin": [-1.5, 7.55, -8], "size": [3, 4, 16], "uv": [3, 263], "inflate": -0.3},
					{"origin": [-8, 7.55, -1.5], "size": [16, 4, 3], "uv": [3, 263], "inflate": -0.3},
					{"origin": [-7.5, -0.4, -1.5], "size": [15, 9, 3], "uv": [3, 263], "inflate": -0.3}
				]
			},
			{
				"name": "body2",
				"pivot": [0, 0, 0],
				"rotation": [0, 45, 0],
				"cubes": [
					{"origin": [1.45, 11.15, -0.5], "size": [1, 1, 1], "uv": [39, 310]},
					{"origin": [2.45, 12.15, -0.5], "size": [1, 1, 1], "uv": [39, 310]},
					{"origin": [3.45, 13.15, -0.5], "size": [1, 1, 1], "uv": [39, 310]},
					{"origin": [3.45, 14.15, -0.5], "size": [1, 1, 1], "uv": [39, 310]},
					{"origin": [2.45, 15.15, -0.5], "size": [1, 1, 1], "uv": [39, 310]},
					{"origin": [1.45, 15.15, -0.5], "size": [1, 1, 1], "uv": [39, 310]},
					{"origin": [-0.55, 13.15, -0.5], "size": [1, 1, 1], "uv": [39, 310]},
					{"origin": [-1.45, 14.15, -0.5], "size": [1, 1, 1], "uv": [39, 310]},
					{"origin": [-2.45, 15.15, -0.5], "size": [1, 1, 1], "uv": [39, 310]},
					{"origin": [-3.45, 15.15, -0.5], "size": [1, 1, 1], "uv": [39, 310]},
					{"origin": [-4.45, 13.15, -0.5], "size": [1, 1, 1], "uv": [39, 310]},
					{"origin": [-4.45, 14.15, -0.5], "size": [1, 1, 1], "uv": [39, 310]},
					{"origin": [-2.45, 11.15, -0.5], "size": [1, 1, 1], "uv": [39, 310]},
					{"origin": [-3.45, 12.15, -0.5], "size": [1, 1, 1], "uv": [39, 310]},
					{"origin": [0.45, 14.15, -0.5], "size": [1, 1, 1], "uv": [39, 310]}
				]
			},
			{
				"name": "body3",
				"pivot": [0, 0, 0],
				"rotation": [0, -45, 0],
				"cubes": [
					{"origin": [1.45, 11.15, -0.5], "size": [1, 1, 1], "uv": [32, 265]},
					{"origin": [2.45, 12.15, -0.5], "size": [1, 1, 1], "uv": [32, 265]},
					{"origin": [3.45, 13.15, -0.5], "size": [1, 1, 1], "uv": [32, 265]},
					{"origin": [3.45, 14.15, -0.5], "size": [1, 1, 1], "uv": [32, 265]},
					{"origin": [2.45, 15.15, -0.5], "size": [1, 1, 1], "uv": [32, 265]},
					{"origin": [1.45, 15.15, -0.5], "size": [1, 1, 1], "uv": [32, 265]},
					{"origin": [-0.55, 13.15, -0.5], "size": [1, 1, 1], "uv": [32, 265]},
					{"origin": [-1.45, 14.15, -0.5], "size": [1, 1, 1], "uv": [32, 265]},
					{"origin": [-2.45, 15.15, -0.5], "size": [1, 1, 1], "uv": [32, 265]},
					{"origin": [-3.45, 15.15, -0.5], "size": [1, 1, 1], "uv": [32, 265]},
					{"origin": [-4.45, 13.15, -0.5], "size": [1, 1, 1], "uv": [32, 265]},
					{"origin": [-4.45, 14.15, -0.5], "size": [1, 1, 1], "uv": [32, 265]},
					{"origin": [-2.45, 11.15, -0.5], "size": [1, 1, 1], "uv": [32, 265]},
					{"origin": [-3.45, 12.15, -0.5], "size": [1, 1, 1], "uv": [32, 265]},
					{"origin": [0.45, 14.15, -0.5], "size": [1, 1, 1], "uv": [32, 265]}
				]
			}
		]
	}
}