{
	"format_version": "1.8.0",
	"geometry.small_table": {
		"texturewidth": 64,
		"textureheight": 64,
		"visible_bounds_width": 2,
		"visible_bounds_height": 2,
		"visible_bounds_offset": [0, 1, 0],
		"bones": [
			{
				"name": "body",
				"pivot": [0, 24, 0],
				"cubes": [
					{"origin": [-1.5, 2, -1.5], "size": [3, 14, 3], "uv": [0, 0]},
					{"origin": [-8, 16, -8], "size": [16, 2, 16], "uv": [0, 0]},
					{"origin": [-8, 16, -9], "size": [16, 2, 1], "uv": [0, 2]},
					{"origin": [8, 16, -8], "size": [1, 2, 16], "uv": [16, 0]},
					{"origin": [-9, 16, -8], "size": [1, 2, 16], "uv": [2, 0]},
					{"origin": [-8, 16, 8], "size": [16, 2, 1], "uv": [16, 2]},
					{"origin": [-10, 16, -7], "size": [1, 2, 14], "uv": [9, 0]},
					{"origin": [-7, 16, 9], "size": [14, 2, 1], "uv": [16, 0]},
					{"origin": [-7, 16, -10], "size": [14, 2, 1], "uv": [16, 0]},
					{"origin": [9, 16, -7], "size": [1, 2, 14], "uv": [17, 0]}
				]
			},
			{
				"name": "body2",
				"pivot": [0, 0, 0],
				"rotation": [0, 0, -60],
				"cubes": [
					{"origin": [2.5, -4.5, -1.5], "size": [1, 5, 3], "uv": [38, 53]}
				]
			},
			{
				"name": "body3",
				"pivot": [0, 0, 0],
				"rotation": [0, 0, 60],
				"cubes": [
					{"origin": [-3.5, -4.5, -1.5], "size": [1, 5, 3], "uv": [41, 55]}
				]
			},
			{
				"name": "body4",
				"pivot": [0, 0, 0],
				"rotation": [60, 0, 0],
				"cubes": [
					{"origin": [-1.5, -4.5, 2.5], "size": [3, 5, 1], "uv": [54, 56]}
				]
			},
			{
				"name": "body5",
				"pivot": [0, 0, 0],
				"rotation": [-60, 0, 0],
				"cubes": [
					{"origin": [-1.5, -4.5, -3.5], "size": [3, 5, 1], "uv": [0, 0]}
				]
			}
		]
	}
}