{
	"geometry.lgallardo": {
		"texturewidth": 512,
		"textureheight": 512,
		"visible_bounds_width": 13,
		"visible_bounds_height": 2,
		"visible_bounds_offset": [0, 1, 0],
		"bones": [
			{
				"name": "body0",
				"pivot": [0, 0, 0],
				"cubes": [
					{"origin": [-29.5, 2, 0], "size": [60, 1, 15], "uv": [0, 40]},
					{"origin": [-30, 15.5, 19], "size": [60, 1, 13], "uv": [0, 19]},
					{"origin": [-29, 3, 3], "size": [1, 7, 12], "uv": [0, 57]},
					{"origin": [29, 3, 3], "size": [1, 7, 12], "uv": [0, 57]},
					{"origin": [-29, 6, 7], "size": [1, 5, 8], "uv": [340, 0]},
					{"origin": [-29, 9, 10], "size": [1, 4, 5], "uv": [340, 0]},
					{"origin": [29, 6, 7], "size": [1, 5, 8], "uv": [340, 0]},
					{"origin": [-29, 2, 14], "size": [59, 12.5, 3], "uv": [340, 0]},
					{"origin": [29, 9, 10], "size": [1, 4, 5], "uv": [340, 0]},
					{"origin": [-29, 14, 19], "size": [59, 2, 13], "uv": [340, 0]},
					{"origin": [-29, 12, 16], "size": [59, 2.5, 16], "uv": [340, 0]},
					{"origin": [-30, 2, 30], "size": [60, 14, 6], "uv": [340, 0]},
					{"origin": [-30, 15.5, 30], "size": [10, 1, 6], "uv": [340, 0]},
					{"origin": [20, 15.5, 30], "size": [10, 1, 6], "uv": [340, 0]},
					{"origin": [-27, 8, 36], "size": [54, 8, 6], "uv": [0, 77]},
					{"origin": [-10, 1, 36], "size": [19, 7, 6], "uv": [0, 93]},
					{"origin": [-10, 1, 42], "size": [19, 4, 15], "uv": [0, 106]},
					{"origin": [-27, 23.5, 50], "size": [54, 1, 32], "uv": [340, 0]},
					{"origin": [-27, 2, 35], "size": [54, 1, 41], "uv": [322, 127]},
					{"origin": [-30, 3, 35], "size": [3, 14, 41], "uv": [0, 144]},
					{"origin": [27, 3, 35], "size": [3, 14, 41], "uv": [89, 144]},
					{"origin": [-32, 3, 76], "size": [64, 15, 3], "uv": [0, 199]},
					{"origin": [30, 3, 73], "size": [2, 7, 5], "uv": [340, 0]},
					{"origin": [30, 3, 31], "size": [2, 1, 43], "uv": [340, 0]},
					{"origin": [-32, 3, 31], "size": [2, 1, 43], "uv": [340, 0]},
					{"origin": [-32, 3, 73], "size": [2, 7, 5], "uv": [340, 0]},
					{"origin": [-32, 3, 66], "size": [2, 3, 9], "uv": [340, 0]},
					{"origin": [30, 3, 66], "size": [2, 3, 9], "uv": [340, 0]},
					{"origin": [28, 15, 79], "size": [4, 3, 25], "uv": [340, 0]},
					{"origin": [-32, 15, 79], "size": [4, 3, 25], "uv": [340, 0]},
					{"origin": [-32, 13, 79], "size": [64, 3, 27], "uv": [0, 239]},
					{"origin": [-32, 3, 106], "size": [64, 12, 8], "uv": [340, 0]},
					{"origin": [-32, 3, 79], "size": [64, 12, 13], "uv": [340, 0]},
					{"origin": [-32, 15, 104], "size": [64, 3, 10], "uv": [340, 0]},
					{"origin": [-32, 3, 114], "size": [64, 15, 1], "uv": [0, 351]},
					{"origin": [-27, 3, 37], "size": [54, 8, 1], "uv": [350, 251]},
					{"origin": [-5, 7, 47], "size": [1, 4, 1], "uv": [0, 150]},
					{"origin": [-5.5, 11, 46.5], "size": [2, 2, 2], "uv": [0, 145]},
					{"origin": [10.5, 3, 47.5], "size": [14, 2, 20], "uv": [0, 387]},
					{"origin": [-26.5, 3, 47.5], "size": [14, 2, 20], "uv": [0, 387]},
					{"origin": [-26.5, 15, 67.5], "size": [14, 7, 4], "uv": [0, 429]},
					{"origin": [-1, 0, 0], "size": [0, 0, 0], "uv": [0, 0]},
					{"origin": [10.5, 15, 67.5], "size": [14, 7, 4], "uv": [0, 429]},
					{"origin": [23.5, 15, 63.5], "size": [1, 7, 4], "uv": [348, 251]},
					{"origin": [10.5, 15, 63.5], "size": [1, 7, 4], "uv": [348, 251]},
					{"origin": [-13.5, 15, 63.5], "size": [1, 7, 4], "uv": [348, 251]},
					{"origin": [-26.5, 15, 63.5], "size": [1, 7, 4], "uv": [348, 251]},
					{"origin": [-21.5, 3, 21.5], "size": [44, 4, 4], "uv": [348, 251]},
					{"origin": [11.5, 10, 39.5], "size": [3, 2, 5], "uv": [348, 251]},
					{"origin": [9.5, 9, 44.8], "size": [8, 8, 0], "uv": [0, 387]},
					{"origin": [26.5, 16, 51.5], "size": [1, 8, 1], "uv": [340, 0]},
					{"origin": [-27.5, 16, 51.5], "size": [1, 8, 1], "uv": [340, 0]},
					{"origin": [-27.5, 3, 5.5], "size": [57, 8, 1], "uv": [350, 260]},
					{"origin": [29.5, 17, 44.5], "size": [3, 1, 1], "uv": [350, 150]},
					{"origin": [31.5, 18, 43.5], "size": [4, 3, 2], "uv": [0, 125]},
					{"origin": [-32.5, 17, 44.5], "size": [3, 1, 1], "uv": [350, 150]},
					{"origin": [-35.5, 18, 43.5], "size": [4, 3, 2], "uv": [0, 125]}
				]
			},
			{
				"name": "body1",
				"pivot": [2, 9, -4],
				"rotation": [20, 7, 0],
				"reset": true,
				"cubes": [
					{"origin": [-31, 8, -1], "size": [30, 1, 5], "uv": [0, 34]}
				]
			},
			{
				"name": "body2",
				"pivot": [0, 0, 0],
				"rotation": [20, -7, 0],
				"cubes": [
					{"origin": [-1, 9, 2.5], "size": [30, 1, 5], "uv": [0, 34]}
				]
			},
			{
				"name": "body4",
				"pivot": [0, 0, 0],
				"rotation": [20, 0, 0],
				"cubes": [
					{"origin": [-30, 8, 7], "size": [60, 1, 17], "uv": [0, 0]},
					{"origin": [-30, 7, 7], "size": [60, 1, 17], "uv": [340, 0]}
				]
			},
			{
				"name": "body5",
				"pivot": [0, 0, 0],
				"rotation": [0, 0, -45],
				"cubes": [
					{"origin": [-6, 9, 2], "size": [8, 3, 4], "uv": [340, 0]}
				]
			},
			{
				"name": "body6",
				"pivot": [0, 0, 0],
				"rotation": [0, 0, 45],
				"cubes": [
					{"origin": [-4, 8, 2], "size": [8, 3, 4], "uv": [340, 0]}
				]
			},
			{
				"name": "body7",
				"pivot": [0, 0, 0],
				"rotation": [-12, 0, 0],
				"cubes": [
					{"origin": [-10, 14, 40], "size": [20, 3, 15], "uv": [0, 125]}
				]
			},
			{
				"name": "body8",
				"pivot": [0, 0, 0],
				"rotation": [25, 10, 0],
				"cubes": [
					{"origin": [-35.5, 2, 32], "size": [3, 1, 19], "uv": [340, 0]},
					{"origin": [-32.5, 2, 32], "size": [3, 1, 19], "uv": [0, 327]}
				]
			},
			{
				"name": "body9",
				"pivot": [0, 0, 0],
				"rotation": [25, -10, 0],
				"cubes": [
					{"origin": [32.5, 2, 32], "size": [3, 1, 19], "uv": [340, 0]},
					{"origin": [29.5, 2, 32], "size": [3, 1, 19], "uv": [0, 327]}
				]
			},
			{
				"name": "body10",
				"pivot": [0, 0, 0],
				"rotation": [50, 0, 0],
				"cubes": [
					{"origin": [-32, -48.5, 47], "size": [2, 1, 15], "uv": [0, 158]},
					{"origin": [-32, -52.5, 49], "size": [2, 4, 11], "uv": [340, 0]},
					{"origin": [30, -54.5, 49], "size": [2, 4, 11], "uv": [340, 0]},
					{"origin": [30, -50.5, 47], "size": [2, 1, 15], "uv": [0, 219]}
				]
			},
			{
				"name": "body11",
				"pivot": [0, 0, 0],
				"rotation": [-23, 0, 0],
				"cubes": [
					{"origin": [-27, 53, 66], "size": [5, 1.5, 25], "uv": [340, 0]},
					{"origin": [22, 53, 66], "size": [5, 1.5, 25], "uv": [340, 0]},
					{"origin": [-22, 53, 66], "size": [44, 1.5, 29], "uv": [0, 269]}
				]
			},
			{
				"name": "body12",
				"pivot": [0, 0, 0],
				"rotation": [25, 0, 0],
				"cubes": [
					{"origin": [-25, 0, 37], "size": [49, 1, 19], "uv": [0, 303]}
				]
			},
			{
				"name": "body13",
				"pivot": [0, 0, 0],
				"rotation": [45, 0, 0],
				"cubes": [
					{"origin": [11, -44, 46], "size": [14, 6, 12], "uv": [0, 411]},
					{"origin": [-27, -44, 46], "size": [14, 6, 12], "uv": [0, 411]},
					{"origin": [-14, -38, 46], "size": [1, 6, 12], "uv": [348, 257]},
					{"origin": [-26, -38, 46], "size": [1, 6, 12], "uv": [348, 257]},
					{"origin": [24, -38, 46], "size": [1, 6, 12], "uv": [348, 257]},
					{"origin": [12, -38, 46], "size": [1, 2, 12], "uv": [348, 257]}
				]
			},
			{
				"name": "llantadelantera",
				"pivot": [0, 0, 0],
				"cubes": [
					{"origin": [-30, 2, 19], "size": [9, 8, 9], "uv": [0, 368]},
					{"origin": [-30, 10, 20], "size": [9, 1, 7], "uv": [397, 277]},
					{"origin": [-30, 1, 20], "size": [9, 1, 7], "uv": [397, 277]},
					{"origin": [-30, 11, 21], "size": [9, 1, 5], "uv": [397, 277]},
					{"origin": [-30, 0, 21], "size": [9, 1, 5], "uv": [397, 277]},
					{"origin": [-30, 3, 28], "size": [9, 6, 1], "uv": [397, 277]},
					{"origin": [-30, 3, 18], "size": [9, 6, 1], "uv": [397, 277]},
					{"origin": [22, 2, 19], "size": [9, 8, 9], "uv": [0, 368]},
					{"origin": [22, 10, 20], "size": [9, 1, 7], "uv": [397, 277]},
					{"origin": [22, 1, 20], "size": [9, 1, 7], "uv": [397, 277]},
					{"origin": [22, 0, 21], "size": [9, 1, 5], "uv": [397, 277]},
					{"origin": [22, 11, 21], "size": [9, 1, 5], "uv": [397, 277]},
					{"origin": [22, 3, 18], "size": [9, 6, 1], "uv": [397, 277]},
					{"origin": [22, 3, 28], "size": [9, 6, 1], "uv": [397, 277]}
				]
			},
			{
				"name": "llantatrasera",
				"pivot": [0, 0, 0],
				"cubes": [
					{"origin": [23, 3, 94], "size": [9, 8, 9], "uv": [0, 368]},
					{"origin": [23, 11, 95], "size": [9, 1, 7], "uv": [350, 257]},
					{"origin": [23, 2, 95], "size": [9, 1, 7], "uv": [350, 257]},
					{"origin": [23, 1, 96], "size": [9, 1, 5], "uv": [350, 257]},
					{"origin": [23, 12, 96], "size": [9, 1, 5], "uv": [350, 257]},
					{"origin": [23, 4, 103], "size": [9, 6, 1], "uv": [350, 257]},
					{"origin": [23, 4, 93], "size": [9, 6, 1], "uv": [350, 257]},
					{"origin": [-32, 3, 94], "size": [9, 8, 9], "uv": [0, 368]},
					{"origin": [-32, 11, 95], "size": [9, 1, 7], "uv": [350, 257]},
					{"origin": [-32, 2, 95], "size": [9, 1, 7], "uv": [350, 257]},
					{"origin": [-32, 1, 96], "size": [9, 1, 5], "uv": [350, 257]},
					{"origin": [-32, 1, 96], "size": [9, 1, 5], "uv": [350, 257]},
					{"origin": [-32, 12, 96], "size": [9, 1, 5], "uv": [350, 257]},
					{"origin": [-32, 4, 103], "size": [9, 6, 1], "uv": [350, 257]},
					{"origin": [-32, 4, 93], "size": [9, 6, 1], "uv": [350, 257]},
					{"origin": [-23, 3, 96], "size": [46, 4, 5], "uv": [350, 257]}
				]
			},
			{
				"name": "body14",
				"pivot": [0, 0, 0],
				"rotation": [0, 12, 0],
				"cubes": [
					{"origin": [-7, 3, 0], "size": [5, 6, 6], "uv": [340, 0]},
					{"origin": [-10, 3, 0], "size": [5, 3, 6], "uv": [340, 0]}
				]
			},
			{
				"name": "body15",
				"pivot": [0, 0, 0],
				"rotation": [0, -12, 0],
				"cubes": [
					{"origin": [-3, 3, 1], "size": [10, 6, 4], "uv": [340, 0]},
					{"origin": [7, 3, 0.5], "size": [2, 3, 4], "uv": [340, 0]}
				]
			},
			{
				"name": "body16",
				"pivot": [0, 0, 0],
				"rotation": [0, 0, -70],
				"cubes": [
					{"origin": [5, 33, 71], "size": [8, 1, 8], "uv": [340, 150]}
				]
			},
			{
				"name": "body17",
				"pivot": [0, 0, 0],
				"rotation": [0, 0, 70],
				"cubes": [
					{"origin": [-14, 33, 71], "size": [8, 1, 8], "uv": [340, 150]}
				]
			},
			{
				"name": "bodyfinal",
				"pivot": [2, 6, -4],
				"cubes": [
					{"origin": [0, 15, 0], "size": [0, 0, 0], "uv": [0, 0]}
				]
			}
		]
	}
}