{
  "format_version": "1.13.0",
  "minecraft:entity": {
    "description": {
      "identifier": "pa:ankylo",
      "is_spawnable": true,
      "is_summonable": true,
      "is_experimental": true
    },
    "component_groups": {
      "minecraft:ankylo_adult": {
        "minecraft:scale": {
          "value": 1
        },
        "minecraft:loot": {
          "table": "loot_tables/entities/pa_ankylo.json"
        },
        "minecraft:knockback_resistance": {
          "value": 0.75
        }
      },
      "minecraft:ankylo_adult_wild": {
        "minecraft:type_family": {
          "family": [
            "herbdinosaur",
            "monster",
            "ankylo"
          ]
        },
        "minecraft:attack": {
          "damage": {
            "range_min": 10,
            "range_max": 15
          }
        },
        "minecraft:behavior.breed": {
          "priority": 0,
          "speed_multiplier": 0.7
        },
        "minecraft:breedable": {
          "requireTame": false,
          "breedsWith": {
            "mateType": "pa:ankylo",
            "babyType": "pa:ankylo",
            "breed_event": {
              "event": "minecraft:entity_born",
              "target": "baby"
            }
          },
          "breedItems": [
            "potato",
            "wheat",
            "carrot",
            "apple"
          ]
        },
        "minecraft:health": {
          "value": 40,
          "max": 40
        },
        "minecraft:behavior.nearest_attackable_target": {
          "priority": 2,
          "within_radius": 23,
          "entity_types": [
            {
              "filters": {
                "other_with_families": [
                  "monsters"
                ]
              },
              "max_dist": 23
            }
          ],
          "must_see": true
        },
        "minecraft:on_hurt_by_player": {},
        "minecraft:behavior.random_stroll": {
          "priority": 5,
          "speed_multiplier": 0.8
        },
        "minecraft:behavior.hurt_by_target": {
          "priority": 5
        }
      },
      "minecraft:ankylo_baby_wild": {
        "minecraft:behavior.tempt": {
          "priority": 3,
          "speed_multiplier": 0.6,
          "items": [
            "potato",
            "wheat",
            "carrot",
            "apple"
          ]
        },
        "minecraft:is_baby": {},
        "minecraft:health": {
          "value": 15,
          "max": 20
        },
        "minecraft:behavior.follow_parent": {
          "priority": 3,
          "speed_multiplier": 0.7
        },
        "minecraft:scale_by_age": {
          "start_scale": 0.3,
          "end_scale": 1
        },
        "minecraft:ageable": {
          "duration": 1600,
          "feedItems": [
            {
              "item": "potato",
              "growth": 0.1
            },
            {
              "item": "wheat",
              "growth": 0.1
            },
            {
              "item": "carrot",
              "growth": 0.1
            },
            {
              "item": "apple",
              "growth": 0.1
            }
          ],
          "grow_up": {
            "event": "minecraft:ageable_grow_up_wild",
            "target": "self"
          }
        },
        "minecraft:behavior.panic": {
          "priority": 1,
          "speed_multiplier": 0.7
        }
      }
    },
    "components": {
      "minecraft:nameable": {},
      "minecraft:type_family": {
        "family": [
          "herbdinosaur"
        ]
      },
      "minecraft:movement": {
        "value": 0.3
      },
      "minecraft:underwater_movement": {
        "value": 0.2
      },
      "minecraft:behavior.eat_block": {
        "priority": 2,
        "success_chance": "100",
        "time_until_eat": 30,
        "eat_and_replace_block_pairs": [
          {
            "eat_block": "",
            "replace_block": "minecraft:air"
          }
        ]
      },
      "minecraft:movement.amphibious": {
        "max_turn": 15
      },
      "minecraft:jump.static": {},
      "minecraft:navigation.generic": {
        "is_amphibious": false,
        "can_path_over_water": true,
        "can_swim": false,
        "can_walk": true,
        "can_breach": true,
        "can_sink": false
      },
      "minecraft:follow_range": {
        "value": 23
      },
      "minecraft:breathable": {
        "totalSupply": 40,
        "suffocateTime": 0,
        "breathesWater": false,
        "breathesAir": true,
        "generatesBubbles": false
      },
      "minecraft:collision_box": {
        "width": 2.5,
        "height": 4.5
      },
      "minecraft:behavior.random_look_around_and_sit": {
        "priority": 6,
        "min_look_count": 2,
        "max_look_count": 5,
        "min_look_time": 100,
        "max_look_time": 300,
        "probability": 0.002
      },
      "minecraft:behavior.knockback_roar": {
        "priority": 1,
        "duration": 4,
        "attack_time": 0.5,
        "knockback_damage": 0,
        "knockback_strength": 0,
        "knockback_range": 0,
        "cooldown_time": 30,
        "knockback_filters": {
          "test": "is_family",
          "subject": "other",
          "operator": "!=",
          "value": "herbdinosaur"
        },
        "damage_filters": {
          "test": "is_family",
          "subject": "other",
          "operator": "!=",
          "value": "herbdinosaur"
        }
      },
      "minecraft:behavior.delayed_attack": {
        "priority": 4,
        "speed_multiplier": 1.4,
        "reach_multiplier": 1.2,
        "attack_duration": 1.52,
        "hit_delay_pct": 0.3,
        "track_target": true,
        "sound_event": "attack.strong"
      },
      "minecraft:behavior.move_to_land": {
        "priority": 6,
        "search_range": 30,
        "search_height": 5,
        "goal_radius": 0.5,
        "probability": 0.2
      },
      "minecraft:behavior.random_stroll": {
        "priority": 9,
        "probability": 0.1,
        "interval": 100
      },
      "minecraft:behavior.look_at_player": {
        "priority": 10,
        "look_distance": 6,
        "probability": 0.2
      },
      "minecraft:behavior.look_at_entity": {
        "priority": 10,
        "look_distance": 8,
        "angle_of_view_horizontal": 45,
        "filters": {
          "test": "is_family",
          "subject": "other",
          "value": "mob"
        }
      },
      "minecraft:behavior.random_look_around": {
        "priority": 10,
        "probability": 0.2
      },
      "minecraft:behavior.nap": {
        "priority": 6,
        "cooldown_min": 0,
        "cooldown_max": 0,
        "mob_detect_dist": 1,
        "mob_detect_height": 1,
        "can_nap_filters": {
          "all_of": [
            {
              "test": "in_water",
              "subject": "self",
              "operator": "==",
              "value": false
            },
            {
              "test": "is_daytime",
              "subject": "self",
              "operator": "==",
              "value": false
            },
            {
              "test": "on_ground",
              "subject": "self",
              "operator": "==",
              "value": true
            }
          ]
        }
      },
      "minecraft:behavior.hurt_by_target": {
        "priority": 5
      },
      "minecraft:physics": {
        "has_gravity": true
      }
    },
    "events": {
      "from_egg": {
        "add": {
          "component_groups": [
            "minecraft:ankylo_baby_wild"
          ]
        }
      },
      "minecraft:entity_spawned": {
        "randomize": [
          {
            "weight": 8,
            "add": {
              "component_groups": [
                "minecraft:ankylo_adult_wild"
              ]
            }
          },
          {
            "weight": 8,
            "add": {
              "component_groups": [
                "minecraft:ankylo_adult"
              ]
            }
          },
          {
            "weight": 8,
            "add": {
              "component_groups": [
                "minecraft:ankylo_baby_wild"
              ]
            }
          },
          {
            "weight": 8,
            "add": {
              "component_groups": [
                "minecraft:ankylo_adult_wild",
                "minecraft:ankylo_adult"
              ]
            }
          }
        ]
      },
      "minecraft:entity_born": {
        "add": {
          "component_groups": [
            "minecraft:ankylo_baby_wild"
          ]
        }
      },
      "minecraft:entity_transformed": {
        "add": {
          "component_groups": [
            "minecraft:ankylo_baby_wild"
          ]
        }
      },
      "minecraft:ageable_grow_up_wild": {
        "remove": {
          "component_groups": [
            "minecraft:ankylo_baby_wild"
          ]
        },
        "add": {
          "component_groups": [
            "minecraft:ankylo_adult",
            "minecraft:ankylo_adult_wild"
          ]
        }
      }
    }
  }
}