{
	"format_version": "1.8.0",
	"minecraft:entity": {
		"description": {
			"identifier": "animal:camel",
			"is_spawnable": true,
			"is_summonable": true,
			"is_experimental": false
		},

		"component_groups": {
			"minecraft:camel_baby": {
				"minecraft:is_baby": {},
				"minecraft:scale": {
					"value": 0.5
				},
				"minecraft:ageable": {
					"duration": 1200,
					"feedItems": [{
							"item": "wheat",
							"growth": 0.1
						},
						{
							"item": "tile.hay_block",
							"growth": 0.9
						}
					],
					"grow_up": {
						"event": "minecraft:ageable_grow_up",
						"target": "self"
					}
				},

				"minecraft:behavior.follow_parent": {
					"priority": 5,
					"speed_multiplier": 1.0
				}
			},

			"minecraft:camel_adult": {

				"minecraft:collision_box": {
					"width": 0.9,
					"height": 1.87
				},
				"minecraft:behavior.breed": {
					"priority": 4,
					"speed_multiplier": 1.0
				},
				"minecraft:breedable": {
					"requireTame": true,
					"inheritTamed": false,
					"breedsWith": {
						"mateType": "animal:camel",
						"babyType": "animal:camel",
						"breed_event": {
							"event": "minecraft:entity_born",
							"target": "baby"
						}
					},
					"breedItems": ["tile.hay_block"]
				}
			},

			"minecraft:strength_1": {
				"minecraft:strength": {
					"value": 1,
					"max": 5
				}
			},
			"minecraft:strength_2": {
				"minecraft:strength": {
					"value": 2,
					"max": 5
				}
			},
			"minecraft:strength_3": {
				"minecraft:strength": {
					"value": 3,
					"max": 5
				}
			},
			"minecraft:strength_4": {
				"minecraft:strength": {
					"value": 4,
					"max": 5
				}
			},
			"minecraft:strength_5": {
				"minecraft:strength": {
					"value": 5,
					"max": 5
				}
			},

			"minecraft:camel_wild": {
				"minecraft:tamemount": {
					"minTemper": 0,
					"maxTemper": 30,
					"feed_text": "action.interact.feed",
					"ride_text": "action.interact.mount",
					"feedItems": [{
							"item": "wheat",
							"temperMod": 3
						},
						{
							"item": "tile.hay_block",
							"temperMod": 6
						}
					],
					"autoRejectItems": [{
							"item": "horsearmorleather"
						},
						{
							"item": "horsearmoriron"
						},
						{
							"item": "horsearmorgold"
						},
						{
							"item": "horsearmordiamond"
						},
						{
							"item": "saddle"
						}
					],
					"tame_event": {
						"event": "minecraft:on_tame",
						"target": "self"
					}
				}
			},


			"minecraft:camel_tamed": {
				"minecraft:is_tamed": {},
      "minecraft:rideable": {
          "seat_count": 1,
          "interact_text": "Ride",
          "seats": [
{ "position": [ 0, 1.45, -0.2 ] }
]
        },
        "minecraft:input_ground_controlled": {
        }
			},
			"minecraft:camel_unchested": {
				"minecraft:interact": [{
					"play_sounds": "armor.equip_generic",
					"on_interact": {
						"filters": {
							"all_of": [{
									"test": "is_family",
									"subject": "other",
									"value": "player"
								},
								{
									"test": "has_equipment",
									"domain": "hand",
									"subject": "other",
									"value": "chest"
								}
							]
						},
						"event": "minecraft:on_chest",
						"target": "self"
					},
					"use_item": true,
					"interact_text": "action.interact.attachchest"
				}]
			},

			"minecraft:camel_chested": {
				"minecraft:is_chested": {

				}
			},

			"minecraft:camel_leashed": {
				"minecraft:behavior.move_towards_restriction": {
					"priority": 2,
					"speed_multiplier": 1.0
				}
			}


		},


		"components": {
			"minecraft:type_family": {
				"family": ["camel"]
			},
			"minecraft:breathable": {
				"totalSupply": 15,
				"suffocateTime": 0
			},
			"minecraft:nameable": {},
			"minecraft:health": {
				"value": 15,
				"max": 15
			},
			"minecraft:movement": {
				"value": 0.25
			},
			"minecraft:navigation.walk": {
				"can_path_over_water": true,
				"avoid_damage_blocks": true
			},
			"minecraft:movement.basic": {},
			"minecraft:jump.static": {},
			"minecraft:follow_range": {
				"value": 40,
				"max": 40
			},
			"minecraft:leashable": {
				"soft_distance": 4.0,
				"hard_distance": 6.0,
				"max_distance": 10.0,
				"on_leash": {
					"event": "minecraft:on_leash",
					"target": "self"
				},
				"on_unleash": {
					"event": "minecraft:on_unleash",
					"target": "self"
				}
			},
			"minecraft:balloonable": {},
			"minecraft:healable": {
				"items": [{
						"item": "wheat",
						"heal_amount": 2
					},
					{
						"item": "tile.hay_block",
						"heal_amount": 10
					}
				]
			},

			"minecraft:behavior.float": {
				"priority": 0
			},
			"minecraft:behavior.run_around_like_crazy": {
				"priority": 1,
				"speed_multiplier": 1.2
			},
			"minecraft:behavior.follow_caravan": {
				"priority": 3,
				"speed_multiplier": 2.1,
				"entity_count": 10,
				"entity_types": {
					"filters": {
						"test": "is_family",
						"subject": "other",
						"value": "camel"
					}
				}
			},
			"minecraft:behavior.panic": {
				"priority": 4,
				"speed_multiplier": 1.2
			},
			"minecraft:behavior.random_stroll": {
				"priority": 6,
				"speed_multiplier": 0.7
			},
			"minecraft:behavior.look_at_player": {
				"priority": 7,
				"look_distance": 6.0,
				"probability": 0.02
			},
			"minecraft:behavior.random_look_around": {
				"priority": 8
			},
			"minecraft:behavior.mount_pathing": {
				"priority": 1,
				"speed_multiplier": 1.25,
				"target_dist": 0.0,
				"track_target": true
			},
			"minecraft:behavior.hurt_by_target": {
				"priority": 1
			},
			"minecraft:physics": {}
		},


		"events": {
			"minecraft:entity_spawned": {
				"sequence": [{
						"randomize": [{
								"weight": 90,
								"remove": {},
								"add": {
									"component_groups": [
										"minecraft:camel_adult",
										"minecraft:camel_wild"
									]
								}
							},
							{
								"weight": 10,
								"remove": {},
								"add": {
									"component_groups": [
										"minecraft:camel_baby"
									]

								}
							}
						]
					},
					{
						"randomize": [{
								"weight": 32,
								"add": {
									"component_groups": [
										"minecraft:strength_1"
									]
								}
							},
							{
								"weight": 32,
								"add": {
									"component_groups": [
										"minecraft:strength_2"
									]
								}
							},
							{
								"weight": 32,
								"add": {
									"component_groups": [
										"minecraft:strength_3"
									]
								}
							},
							{
								"weight": 2,
								"add": {
									"component_groups": [
										"minecraft:strength_4"
									]
								}
							},
							{
								"weight": 2,
								"add": {
									"component_groups": [
										"minecraft:strength_5"
									]
								}
							}
						]
					}
				]
			},

			"minecraft:entity_born": {
				"add": {
					"component_groups": [
						"minecraft:camel_baby"
					]
				}
			},

			"minecraft:ageable_grow_up": {
				"remove": {
					"component_groups": [
						"minecraft:camel_baby"
					]
				},
				"add": {
					"component_groups": [
						"minecraft:camel_adult",
						"minecraft:camel_wild"
					]
				}
			},

			"minecraft:on_tame": {
				"remove": {
					"component_groups": [
						"minecraft:camel_wild"
					]
				},
				"add": {
					"component_groups": [
						"minecraft:camel_tamed",
						"minecraft:camel_unchested"
					]
				}
			},


			"minecraft:on_leash": {
				"add": {
					"component_groups": [
						"minecraft:camel_leashed"
					]
				}
			},
			"minecraft:on_unleash": {
				"remove": {
					"component_groups": [
						"minecraft:camel_leashed"
					]
				}
			},
			"minecraft:join_caravan": {
				"add": {
					"component_groups": [
						"minecraft:in_caravan"
					]
				}
			},
			"minecraft:leave_caravan": {
				"remove": {
					"component_groups": [
						"minecraft:in_caravan"
					]
				}
			},

			"minecraft:on_chest": {
				"remove": {
					"component_groups": [
						"minecraft:camel_unchested"
					]
				},
				"add": {
					"component_groups": [
						"minecraft:camel_chested"
					]
				}
			}

		}
	}
}