{
  "format_version": "1.8.0",
  "minecraft:entity": {
    "description": {
      "identifier": "lamborghini:gallardo_black",
      "is_spawnable": true,
      "is_summonable": true,
      "is_experimental": false
    },
    "component_groups": {

    },
    "components": {
      "minecraft:type_family": {
        "family": [
          "car"
        ]
      },
      "minecraft:breathable": {
        "totalSupply": 15,
        "suffocateTime": 0
      },
      "minecraft:collision_box": {
        "width": 0.5,
        "height": 0.9
      },
      "minecraft:fall_damage": {
        "value": 0.0
      },
      "minecraft:movement": {
        "value": 4.30,
        "max": 4.35
      },
      "minecraft:navigation.walk": {
        "can_path_over_water": true
      },
      "minecraft:movement.basic": {

      },
      "minecraft:jump.static": {

      },
      "minecraft:health": {
        "value": 160,
        "max": 160
      },
      "minecraft:nameable": {

      },
      "minecraft:fire_immune": true,
      "minecraft:inventory": {
        "inventory_size": 27,
        "container_type": "container",
        "private": false
      },
      "minecraft:rideable": {
        "priority": 0,
        "seat_count": 1,
        "crouching_skip_interact": true,
        "family_types": [
          "player"
        ],
        "interact_text": "Drive",
        "seats": [
          {
            "position": [
              1.18,
              -0.0,
              -3.75
            ]
          }
        ]
      },
      "minecraft:input_ground_controlled": {

      },
      "minecraft:physics": {

      }
    },
    "events": {

    }
  }
}