{
  "format_version": "1.8.0",
  "minecraft:entity": {
    "description": {
      "is_spawnable": true,
      "is_summonable": true,
      "identifier": "minecraft:magma_cube",
      "is_experimental": false
    },
    "component_groups": {
      "minecraft:slime_aggressive": {
        "minecraft:movement.jump": {
          "jump_delay": [
            0.66,
            2
          ]
        }
      },
      "minecraft:slime_calm": {
        "minecraft:movement.jump": {
          "jump_delay": [
            2,
            6
          ]
        }
      },
      "minecraft:slime_large": {
        "minecraft:collision_box": {
          "width": 2.08,
          "height": 2.08
        },
        "minecraft:health": {
          "value": 16,
          "max": 16
        },
        "minecraft:attack": {
          "damage": 6
        },
        "minecraft:movement": {
          "value": 0.75
        },
        "minecraft:loot": {
          "table": "loot_tables/entities/magma_cube.json"
        }
      },
      "minecraft:slime_medium": {
        "minecraft:collision_box": {
          "width": 0.78,
          "height": 0.78
        },
        "minecraft:health": {
          "value": 4,
          "max": 4
        },
        "minecraft:attack": {
          "damage": 4
        },
        "minecraft:movement": {
          "value": 0.66
        },
        "minecraft:loot": {
          "table": "loot_tables/entities/magma_cube.json"
        }
      },
      "minecraft:slime_small": {
        "minecraft:collision_box": {
          "width": 0.52,
          "height": 0.52
        },
        "minecraft:health": {
          "value": 1,
          "max": 1
        },
        "minecraft:attack": {
          "damage": 2
        },
        "minecraft:movement": {
          "value": 0.59
        }
      }
    },
    "components": {
      "minecraft:on_target_acquired": {
        "event": "minecraft:become_aggressive",
        "target": "self"
      },
      "minecraft:on_target_escape": {
        "event": "minecraft:become_calm",
        "target": "self"
      },
      "minecraft:behavior.slime_attack": {
        "priority": 3
      },
      "minecraft:jump.static": {
      },
      "minecraft:health": {
        "max": 6,
        "value": 6
      },
      "minecraft:movement.jump": {
        "jump_delay": [
          2,
          6
        ]
      },
      "minecraft:movement": {
        "max": 0.1,
        "value": 0.1
      },
      "minecraft:breathable": {
        "totalSupply": 15,
        "breathesWater": true,
        "generatesBubbles": false,
        "breathesAir": true,
        "suffocateTime": -1
      },
      "minecraft:experience_reward": {
        "on_death": "query.last_hit_by_player ? 10 : 0"
      },
      "minecraft:behavior.slime_float": {
        "priority": 1
      },
      "minecraft:burns_in_daylight": {
      },
      "minecraft:can_climb": {
      },
      "minecraft:physics": {
      },
      "minecraft:behavior.slime_random_direction": {
        "priority": 4
      },
      "minecraft:nameable": {
        "allow_name_tag_renaming": false,
        "always_show": false
      },
      "minecraft:type_family": {
        "family": [
          "magmacube",
          "monster"
        ]
      },
      "minecraft:behavior.nearest_attackable_target": {
        "speed_multiplier": 1,
        "entity_types": [
          {
            "filters": {
              "other_with_families": [
              ]
            },
            "max_dist": 35,
            "must_see": false
          }
        ],
        "within_radius": 0
      },
      "minecraft:fire_immune": true,
      "minecraft:behavior.slime_keep_on_jumping": {
        "priority": 5
      },
      "minecraft:fall_damage": {
        "max": 0.1,
        "value": 0.1
      },
      "minecraft:navigation.walk": {
        "avoid_water": true,
        "can_path_over_water": true
      },
      "minecraft:scale": {
        "max": 1,
        "value": 1
      }
    },

    "events": {
      "minecraft:become_aggressive": {
        "add": {
          "component_groups": [
            "minecraft:slime_aggressive"
          ]
        }
      },
      "minecraft:entity_spawned": {
        "add": {
          "component_groups": [
            "minecraft:slime_calm"
          ]
        }
      },
      "minecraft:become_calm": {
        "add": {
          "component_groups": [
            "minecraft:slime_calm"
          ]
        }
      }
    }
  }
}