{
  "format_version": "1.10.0",
  "geometry.block_model": {
    "texturewidth": 64,
    "textureheight": 32,
    "visible_bounds_width": 1,
    "visible_bounds_height": 1,
    "visible_bounds_offset": [0, 0.5, 0],
    "bones": [
      {
        "name": "pa_block",
        "pivot": [
          0,
          8,
          0
        ],
        "cubes": [
          {
            "origin": [
              -8,
              0,
              -8
            ],
            "size": [
              16,
              16,
              16
            ],
            "uv": [
              0,
              0
            ]
          }
        ]
      }
    ]
  }
}