{
  "format_version": "1.16.0",
  "minecraft:block": {
    "description": {
      "identifier": "pa:change_me",
      "category": "Nature"
    },
    "components": {
      "minecraft:loot": {"table": ""},
      "minecraft:destroy_time": 0.3,
      "minecraft:friction": 0.7,
      "minecraft:map_color": "#ffffff",
      "minecraft:explosion_resistance": 1.0,
      "minecraft:flammable": {
        "flame_odds": 1,
        "burn_odds": 1
      },
      "minecraft:block_light_absorption": 0.0,
      "minecraft:block_light_emission": 0.0
    }
  }
}