{
  "format_version": "1.16.100",
  "minecraft:block": {
    "description": {
      "identifier": "pa:change_me",
      "category": "Nature",
      "properties": {
        "block:rotation": [
          0,
          1,
          2,
          3,
          4,
          5,
          6
        ]
      }
    },
    "components": {
      "minecraft:loot": {"table": ""},
      "minecraft:destroy_time": 0.3,
      "minecraft:friction": 0.7,
      "minecraft:map_color": "#ffffff",
      "minecraft:explosion_resistance": 1.0,
      "minecraft:flammable": {
        "flame_odds": 1,
        "burn_odds": 1
      },
      "minecraft:block_light_absorption": 0.0,
      "minecraft:block_light_emission": 0.0,
      "minecraft:on_player_placing": {
        "event": "update_rotation"
      },
      "minecraft:on_placed": {
        "event": "size:block",
        "target": "self"
      }
    },
    "permutations": [
      {
        "condition": "query.block_property('block:rotation') == 2",
        "components": {
          "minecraft:rotation": [
            0,
            0,
            0
          ]
        }
      },
      {
        "condition": "query.block_property('block:rotation') == 3",
        "components": {
          "minecraft:rotation": [
            0,
            -180,
            0
          ]
        }
      },
      {
        "condition": "query.block_property('block:rotation') == 4",
        "components": {
          "minecraft:rotation": [
            0,
            90,
            0
          ]
        }
      },
      {
        "condition": "query.block_property('block:rotation') == 5",
        "components": {
          "minecraft:rotation": [
            0,
            -90,
            0
          ]
        }
      }
    ],
    "events": {
      "update_rotation": {
        "set_block_property": {
          "block:rotation": "query.cardinal_facing_2d"
        }
      },
      "size:block": {
        "set_block_at_pos": {
          "block_type": "minecraft:barrier",
          "block_offset": [
            0,
            0,
            0
          ]
        }
      }
    }
  }
}