{
  "format_version": "1.10",
  "minecraft:item": {
    "description": {"identifier": "pa:change_me","category": "items"},
    "components": {
      "minecraft:hand_equipped": false,
      "minecraft:max_stack_size": 64,
      "minecraft:foil": false,
      "minecraft:stack_by_data": true,
      "minecraft:food": {
        "saturation_modifier": "normal",
        "nutrition": 4,
        "can_always_eat": false,
        "effects": [],
        "remove_effects": [],
        "using_converts_to" : ""
      },
      "minecraft:use_duration": 32
    }
  }
}